sample_id,label,class_name,n_poles,n_zeros
0,0,lowpass,6,6
1,1,highpass,4,4
2,2,bandpass,4,4
3,3,bandstop,4,4
4,4,allpass,6,6
5,0,lowpass,8,8
6,1,highpass,8,8
7,2,bandpass,8,8
8,3,bandstop,6,6
9,4,allpass,6,6
10,0,lowpass,2,2
11,1,highpass,8,8
12,2,bandpass,8,8
13,3,bandstop,2,2
14,4,allpass,8,8
15,0,lowpass,8,8
16,1,highpass,8,8
17,2,bandpass,8,8
18,3,bandstop,2,2
19,4,allpass,6,6
20,0,lowpass,4,4
21,1,highpass,8,8
22,2,bandpass,2,2
23,3,bandstop,8,8
24,4,allpass,6,6
25,0,lowpass,8,8
26,1,highpass,6,6
27,2,bandpass,4,4
28,3,bandstop,2,2
29,4,allpass,8,8
30,0,lowpass,6,6
31,1,highpass,6,6
32,2,bandpass,8,8
33,3,bandstop,6,6
34,4,allpass,8,8
35,0,lowpass,2,2
36,1,highpass,8,8
37,2,bandpass,8,8
38,3,bandstop,2,2
39,4,allpass,2,2
40,0,lowpass,8,8
41,1,highpass,2,2
42,2,bandpass,8,8
43,3,bandstop,6,6
44,4,allpass,8,8
45,0,lowpass,2,2
46,1,highpass,6,6
47,2,bandpass,2,2
48,3,bandstop,2,2
49,4,allpass,4,4
50,0,lowpass,2,2
51,1,highpass,8,8
52,2,bandpass,4,4
53,3,bandstop,2,2
54,4,allpass,2,2
55,0,lowpass,2,2
56,1,highpass,4,4
57,2,bandpass,4,4
58,3,bandstop,8,8
59,4,allpass,8,8
60,0,lowpass,4,4
61,1,highpass,2,2
62,2,bandpass,6,6
63,3,bandstop,6,6
64,4,allpass,4,4
65,0,lowpass,6,6
66,1,highpass,2,2
67,2,bandpass,4,4
68,3,bandstop,6,6
69,4,allpass,2,2
70,0,lowpass,8,8
71,1,highpass,8,8
72,2,bandpass,6,6
73,3,bandstop,6,6
74,4,allpass,8,8
75,0,lowpass,8,8
76,1,highpass,2,2
77,2,bandpass,8,8
78,3,bandstop,8,8
79,4,allpass,6,6
80,0,lowpass,8,8
81,1,highpass,8,8
82,2,bandpass,8,8
83,3,bandstop,2,2
84,4,allpass,2,2
85,0,lowpass,4,4
86,1,highpass,6,6
87,2,bandpass,8,8
88,3,bandstop,6,6
89,4,allpass,8,8
90,0,lowpass,8,8
91,1,highpass,8,8
92,2,bandpass,6,6
93,3,bandstop,2,2
94,4,allpass,2,2
95,0,lowpass,6,6
96,1,highpass,4,4
97,2,bandpass,8,8
98,3,bandstop,2,2
99,4,allpass,2,2
100,0,lowpass,4,4
101,1,highpass,4,4
102,2,bandpass,6,6
103,3,bandstop,6,6
104,4,allpass,2,2
105,0,lowpass,4,4
106,1,highpass,6,6
107,2,bandpass,8,8
108,3,bandstop,8,8
109,4,allpass,2,2
110,0,lowpass,2,2
111,1,highpass,6,6
112,2,bandpass,6,6
113,3,bandstop,8,8
114,4,allpass,4,4
115,0,lowpass,2,2
116,1,highpass,4,4
117,2,bandpass,6,6
118,3,bandstop,8,8
119,4,allpass,8,8
120,0,lowpass,4,4
121,1,highpass,8,8
122,2,bandpass,4,4
123,3,bandstop,8,8
124,4,allpass,2,2
125,0,lowpass,2,2
126,1,highpass,2,2
127,2,bandpass,2,2
128,3,bandstop,4,4
129,4,allpass,4,4
130,0,lowpass,8,8
131,1,highpass,6,6
132,2,bandpass,8,8
133,3,bandstop,8,8
134,4,allpass,4,4
135,0,lowpass,2,2
136,1,highpass,6,6
137,2,bandpass,8,8
138,3,bandstop,4,4
139,4,allpass,8,8
140,0,lowpass,8,8
141,1,highpass,2,2
142,2,bandpass,4,4
143,3,bandstop,6,6
144,4,allpass,2,2
145,0,lowpass,2,2
146,1,highpass,2,2
147,2,bandpass,4,4
148,3,bandstop,6,6
149,4,allpass,2,2
150,0,lowpass,8,8
151,1,highpass,2,2
152,2,bandpass,8,8
153,3,bandstop,4,4
154,4,allpass,8,8
155,0,lowpass,4,4
156,1,highpass,4,4
157,2,bandpass,6,6
158,3,bandstop,2,2
159,4,allpass,8,8
160,0,lowpass,6,6
161,1,highpass,6,6
162,2,bandpass,2,2
163,3,bandstop,6,6
164,4,allpass,6,6
165,0,lowpass,2,2
166,1,highpass,6,6
167,2,bandpass,6,6
168,3,bandstop,4,4
169,4,allpass,8,8
170,0,lowpass,8,8
171,1,highpass,4,4
172,2,bandpass,8,8
173,3,bandstop,4,4
174,4,allpass,4,4
175,0,lowpass,6,6
176,1,highpass,2,2
177,2,bandpass,6,6
178,3,bandstop,2,2
179,4,allpass,4,4
180,0,lowpass,6,6
181,1,highpass,2,2
182,2,bandpass,4,4
183,3,bandstop,8,8
184,4,allpass,6,6
185,0,lowpass,4,4
186,1,highpass,2,2
187,2,bandpass,6,6
188,3,bandstop,6,6
189,4,allpass,6,6
190,0,lowpass,2,2
191,1,highpass,2,2
192,2,bandpass,6,6
193,3,bandstop,6,6
194,4,allpass,6,6
195,0,lowpass,8,8
196,1,highpass,4,4
197,2,bandpass,6,6
198,3,bandstop,6,6
199,4,allpass,4,4
200,0,lowpass,8,8
201,1,highpass,2,2
202,2,bandpass,8,8
203,3,bandstop,4,4
204,4,allpass,8,8
205,0,lowpass,4,4
206,1,highpass,2,2
207,2,bandpass,8,8
208,3,bandstop,8,8
209,4,allpass,6,6
210,0,lowpass,8,8
211,1,highpass,6,6
212,2,bandpass,4,4
213,3,bandstop,2,2
214,4,allpass,8,8
215,0,lowpass,2,2
216,1,highpass,2,2
217,2,bandpass,2,2
218,3,bandstop,8,8
219,4,allpass,8,8
220,0,lowpass,4,4
221,1,highpass,4,4
222,2,bandpass,4,4
223,3,bandstop,2,2
224,4,allpass,4,4
225,0,lowpass,2,2
226,1,highpass,6,6
227,2,bandpass,2,2
228,3,bandstop,8,8
229,4,allpass,4,4
230,0,lowpass,2,2
231,1,highpass,6,6
232,2,bandpass,4,4
233,3,bandstop,8,8
234,4,allpass,4,4
235,0,lowpass,2,2
236,1,highpass,8,8
237,2,bandpass,2,2
238,3,bandstop,8,8
239,4,allpass,4,4
240,0,lowpass,8,8
241,1,highpass,6,6
242,2,bandpass,4,4
243,3,bandstop,8,8
244,4,allpass,8,8
245,0,lowpass,6,6
246,1,highpass,8,8
247,2,bandpass,2,2
248,3,bandstop,2,2
249,4,allpass,2,2
250,0,lowpass,4,4
251,1,highpass,2,2
252,2,bandpass,2,2
253,3,bandstop,2,2
254,4,allpass,2,2
255,0,lowpass,6,6
256,1,highpass,2,2
257,2,bandpass,8,8
258,3,bandstop,4,4
259,4,allpass,8,8
260,0,lowpass,8,8
261,1,highpass,4,4
262,2,bandpass,2,2
263,3,bandstop,4,4
264,4,allpass,4,4
265,0,lowpass,2,2
266,1,highpass,6,6
267,2,bandpass,4,4
268,3,bandstop,8,8
269,4,allpass,8,8
270,0,lowpass,6,6
271,1,highpass,4,4
272,2,bandpass,2,2
273,3,bandstop,4,4
274,4,allpass,8,8
275,0,lowpass,2,2
276,1,highpass,8,8
277,2,bandpass,8,8
278,3,bandstop,2,2
279,4,allpass,4,4
280,0,lowpass,8,8
281,1,highpass,8,8
282,2,bandpass,2,2
283,3,bandstop,2,2
284,4,allpass,6,6
285,0,lowpass,4,4
286,1,highpass,2,2
287,2,bandpass,2,2
288,3,bandstop,8,8
289,4,allpass,2,2
290,0,lowpass,4,4
291,1,highpass,6,6
292,2,bandpass,6,6
293,3,bandstop,8,8
294,4,allpass,6,6
295,0,lowpass,6,6
296,1,highpass,8,8
297,2,bandpass,6,6
298,3,bandstop,8,8
299,4,allpass,6,6
300,0,lowpass,8,8
301,1,highpass,6,6
302,2,bandpass,4,4
303,3,bandstop,2,2
304,4,allpass,2,2
305,0,lowpass,6,6
306,1,highpass,8,8
307,2,bandpass,6,6
308,3,bandstop,6,6
309,4,allpass,6,6
310,0,lowpass,8,8
311,1,highpass,6,6
312,2,bandpass,2,2
313,3,bandstop,4,4
314,4,allpass,2,2
315,0,lowpass,4,4
316,1,highpass,2,2
317,2,bandpass,2,2
318,3,bandstop,6,6
319,4,allpass,6,6
320,0,lowpass,4,4
321,1,highpass,4,4
322,2,bandpass,6,6
323,3,bandstop,6,6
324,4,allpass,8,8
325,0,lowpass,2,2
326,1,highpass,4,4
327,2,bandpass,2,2
328,3,bandstop,4,4
329,4,allpass,4,4
330,0,lowpass,8,8
331,1,highpass,2,2
332,2,bandpass,4,4
333,3,bandstop,8,8
334,4,allpass,6,6
335,0,lowpass,6,6
336,1,highpass,8,8
337,2,bandpass,4,4
338,3,bandstop,4,4
339,4,allpass,6,6
340,0,lowpass,6,6
341,1,highpass,4,4
342,2,bandpass,2,2
343,3,bandstop,8,8
344,4,allpass,6,6
345,0,lowpass,8,8
346,1,highpass,4,4
347,2,bandpass,8,8
348,3,bandstop,2,2
349,4,allpass,2,2
350,0,lowpass,2,2
351,1,highpass,6,6
352,2,bandpass,6,6
353,3,bandstop,8,8
354,4,allpass,4,4
355,0,lowpass,8,8
356,1,highpass,6,6
357,2,bandpass,2,2
358,3,bandstop,6,6
359,4,allpass,2,2
360,0,lowpass,4,4
361,1,highpass,8,8
362,2,bandpass,8,8
363,3,bandstop,2,2
364,4,allpass,2,2
365,0,lowpass,8,8
366,1,highpass,4,4
367,2,bandpass,2,2
368,3,bandstop,2,2
369,4,allpass,8,8
370,0,lowpass,6,6
371,1,highpass,4,4
372,2,bandpass,2,2
373,3,bandstop,6,6
374,4,allpass,4,4
375,0,lowpass,4,4
376,1,highpass,8,8
377,2,bandpass,4,4
378,3,bandstop,4,4
379,4,allpass,8,8
380,0,lowpass,4,4
381,1,highpass,2,2
382,2,bandpass,2,2
383,3,bandstop,4,4
384,4,allpass,2,2
385,0,lowpass,8,8
386,1,highpass,4,4
387,2,bandpass,8,8
388,3,bandstop,4,4
389,4,allpass,6,6
390,0,lowpass,8,8
391,1,highpass,4,4
392,2,bandpass,6,6
393,3,bandstop,2,2
394,4,allpass,6,6
395,0,lowpass,8,8
396,1,highpass,4,4
397,2,bandpass,4,4
398,3,bandstop,4,4
399,4,allpass,6,6
400,0,lowpass,2,2
401,1,highpass,8,8
402,2,bandpass,6,6
403,3,bandstop,6,6
404,4,allpass,8,8
405,0,lowpass,6,6
406,1,highpass,2,2
407,2,bandpass,2,2
408,3,bandstop,6,6
409,4,allpass,4,4
410,0,lowpass,8,8
411,1,highpass,4,4
412,2,bandpass,4,4
413,3,bandstop,8,8
414,4,allpass,8,8
415,0,lowpass,2,2
416,1,highpass,6,6
417,2,bandpass,8,8
418,3,bandstop,2,2
419,4,allpass,8,8
420,0,lowpass,4,4
421,1,highpass,4,4
422,2,bandpass,8,8
423,3,bandstop,2,2
424,4,allpass,6,6
425,0,lowpass,6,6
426,1,highpass,6,6
427,2,bandpass,4,4
428,3,bandstop,8,8
429,4,allpass,4,4
430,0,lowpass,8,8
431,1,highpass,2,2
432,2,bandpass,4,4
433,3,bandstop,2,2
434,4,allpass,6,6
435,0,lowpass,8,8
436,1,highpass,2,2
437,2,bandpass,8,8
438,3,bandstop,8,8
439,4,allpass,2,2
440,0,lowpass,8,8
441,1,highpass,8,8
442,2,bandpass,4,4
443,3,bandstop,4,4
444,4,allpass,4,4
445,0,lowpass,6,6
446,1,highpass,8,8
447,2,bandpass,6,6
448,3,bandstop,4,4
449,4,allpass,6,6
450,0,lowpass,8,8
451,1,highpass,6,6
452,2,bandpass,6,6
453,3,bandstop,4,4
454,4,allpass,4,4
455,0,lowpass,2,2
456,1,highpass,6,6
457,2,bandpass,8,8
458,3,bandstop,4,4
459,4,allpass,2,2
460,0,lowpass,2,2
461,1,highpass,8,8
462,2,bandpass,4,4
463,3,bandstop,6,6
464,4,allpass,2,2
465,0,lowpass,6,6
466,1,highpass,8,8
467,2,bandpass,2,2
468,3,bandstop,6,6
469,4,allpass,2,2
470,0,lowpass,4,4
471,1,highpass,8,8
472,2,bandpass,6,6
473,3,bandstop,4,4
474,4,allpass,8,8
475,0,lowpass,8,8
476,1,highpass,4,4
477,2,bandpass,8,8
478,3,bandstop,2,2
479,4,allpass,6,6
480,0,lowpass,2,2
481,1,highpass,4,4
482,2,bandpass,2,2
483,3,bandstop,2,2
484,4,allpass,4,4
485,0,lowpass,4,4
486,1,highpass,6,6
487,2,bandpass,6,6
488,3,bandstop,8,8
489,4,allpass,6,6
490,0,lowpass,8,8
491,1,highpass,2,2
492,2,bandpass,8,8
493,3,bandstop,8,8
494,4,allpass,2,2
495,0,lowpass,8,8
496,1,highpass,8,8
497,2,bandpass,8,8
498,3,bandstop,4,4
499,4,allpass,4,4
500,0,lowpass,4,4
501,1,highpass,2,2
502,2,bandpass,8,8
503,3,bandstop,2,2
504,4,allpass,8,8
505,0,lowpass,4,4
506,1,highpass,8,8
507,2,bandpass,2,2
508,3,bandstop,4,4
509,4,allpass,2,2
510,0,lowpass,6,6
511,1,highpass,8,8
512,2,bandpass,2,2
513,3,bandstop,8,8
514,4,allpass,8,8
515,0,lowpass,2,2
516,1,highpass,8,8
517,2,bandpass,6,6
518,3,bandstop,4,4
519,4,allpass,8,8
520,0,lowpass,6,6
521,1,highpass,2,2
522,2,bandpass,8,8
523,3,bandstop,8,8
524,4,allpass,6,6
525,0,lowpass,2,2
526,1,highpass,6,6
527,2,bandpass,6,6
528,3,bandstop,8,8
529,4,allpass,2,2
530,0,lowpass,6,6
531,1,highpass,8,8
532,2,bandpass,6,6
533,3,bandstop,6,6
534,4,allpass,6,6
535,0,lowpass,6,6
536,1,highpass,8,8
537,2,bandpass,8,8
538,3,bandstop,6,6
539,4,allpass,4,4
540,0,lowpass,4,4
541,1,highpass,2,2
542,2,bandpass,4,4
543,3,bandstop,8,8
544,4,allpass,8,8
545,0,lowpass,6,6
546,1,highpass,8,8
547,2,bandpass,4,4
548,3,bandstop,2,2
549,4,allpass,2,2
550,0,lowpass,4,4
551,1,highpass,4,4
552,2,bandpass,4,4
553,3,bandstop,2,2
554,4,allpass,8,8
555,0,lowpass,8,8
556,1,highpass,8,8
557,2,bandpass,2,2
558,3,bandstop,6,6
559,4,allpass,6,6
560,0,lowpass,6,6
561,1,highpass,2,2
562,2,bandpass,8,8
563,3,bandstop,4,4
564,4,allpass,6,6
565,0,lowpass,4,4
566,1,highpass,6,6
567,2,bandpass,2,2
568,3,bandstop,2,2
569,4,allpass,8,8
570,0,lowpass,8,8
571,1,highpass,2,2
572,2,bandpass,4,4
573,3,bandstop,2,2
574,4,allpass,2,2
575,0,lowpass,4,4
576,1,highpass,4,4
577,2,bandpass,6,6
578,3,bandstop,8,8
579,4,allpass,2,2
580,0,lowpass,8,8
581,1,highpass,8,8
582,2,bandpass,8,8
583,3,bandstop,8,8
584,4,allpass,2,2
585,0,lowpass,6,6
586,1,highpass,2,2
587,2,bandpass,8,8
588,3,bandstop,4,4
589,4,allpass,4,4
590,0,lowpass,4,4
591,1,highpass,8,8
592,2,bandpass,8,8
593,3,bandstop,4,4
594,4,allpass,8,8
595,0,lowpass,6,6
596,1,highpass,8,8
597,2,bandpass,2,2
598,3,bandstop,2,2
599,4,allpass,2,2
600,0,lowpass,8,8
601,1,highpass,8,8
602,2,bandpass,4,4
603,3,bandstop,6,6
604,4,allpass,6,6
605,0,lowpass,4,4
606,1,highpass,4,4
607,2,bandpass,6,6
608,3,bandstop,6,6
609,4,allpass,2,2
610,0,lowpass,4,4
611,1,highpass,4,4
612,2,bandpass,2,2
613,3,bandstop,6,6
614,4,allpass,4,4
615,0,lowpass,6,6
616,1,highpass,4,4
617,2,bandpass,4,4
618,3,bandstop,4,4
619,4,allpass,4,4
620,0,lowpass,8,8
621,1,highpass,4,4
622,2,bandpass,2,2
623,3,bandstop,6,6
624,4,allpass,6,6
625,0,lowpass,4,4
626,1,highpass,8,8
627,2,bandpass,2,2
628,3,bandstop,4,4
629,4,allpass,4,4
630,0,lowpass,2,2
631,1,highpass,2,2
632,2,bandpass,8,8
633,3,bandstop,8,8
634,4,allpass,8,8
635,0,lowpass,4,4
636,1,highpass,4,4
637,2,bandpass,8,8
638,3,bandstop,6,6
639,4,allpass,2,2
640,0,lowpass,6,6
641,1,highpass,4,4
642,2,bandpass,6,6
643,3,bandstop,2,2
644,4,allpass,4,4
645,0,lowpass,6,6
646,1,highpass,8,8
647,2,bandpass,8,8
648,3,bandstop,2,2
649,4,allpass,8,8
650,0,lowpass,2,2
651,1,highpass,2,2
652,2,bandpass,2,2
653,3,bandstop,8,8
654,4,allpass,6,6
655,0,lowpass,6,6
656,1,highpass,8,8
657,2,bandpass,6,6
658,3,bandstop,4,4
659,4,allpass,8,8
660,0,lowpass,8,8
661,1,highpass,4,4
662,2,bandpass,6,6
663,3,bandstop,6,6
664,4,allpass,8,8
665,0,lowpass,8,8
666,1,highpass,2,2
667,2,bandpass,2,2
668,3,bandstop,6,6
669,4,allpass,2,2
670,0,lowpass,8,8
671,1,highpass,6,6
672,2,bandpass,2,2
673,3,bandstop,8,8
674,4,allpass,4,4
675,0,lowpass,4,4
676,1,highpass,4,4
677,2,bandpass,8,8
678,3,bandstop,8,8
679,4,allpass,6,6
680,0,lowpass,4,4
681,1,highpass,8,8
682,2,bandpass,6,6
683,3,bandstop,4,4
684,4,allpass,2,2
685,0,lowpass,2,2
686,1,highpass,2,2
687,2,bandpass,4,4
688,3,bandstop,6,6
689,4,allpass,2,2
690,0,lowpass,6,6
691,1,highpass,2,2
692,2,bandpass,4,4
693,3,bandstop,8,8
694,4,allpass,4,4
695,0,lowpass,8,8
696,1,highpass,6,6
697,2,bandpass,8,8
698,3,bandstop,4,4
699,4,allpass,4,4
700,0,lowpass,8,8
701,1,highpass,4,4
702,2,bandpass,2,2
703,3,bandstop,6,6
704,4,allpass,6,6
705,0,lowpass,6,6
706,1,highpass,4,4
707,2,bandpass,2,2
708,3,bandstop,8,8
709,4,allpass,4,4
710,0,lowpass,4,4
711,1,highpass,6,6
712,2,bandpass,4,4
713,3,bandstop,2,2
714,4,allpass,8,8
715,0,lowpass,6,6
716,1,highpass,4,4
717,2,bandpass,6,6
718,3,bandstop,4,4
719,4,allpass,4,4
720,0,lowpass,2,2
721,1,highpass,8,8
722,2,bandpass,8,8
723,3,bandstop,2,2
724,4,allpass,6,6
725,0,lowpass,4,4
726,1,highpass,4,4
727,2,bandpass,4,4
728,3,bandstop,4,4
729,4,allpass,6,6
730,0,lowpass,8,8
731,1,highpass,8,8
732,2,bandpass,2,2
733,3,bandstop,2,2
734,4,allpass,4,4
735,0,lowpass,8,8
736,1,highpass,8,8
737,2,bandpass,2,2
738,3,bandstop,2,2
739,4,allpass,4,4
740,0,lowpass,2,2
741,1,highpass,2,2
742,2,bandpass,6,6
743,3,bandstop,8,8
744,4,allpass,2,2
745,0,lowpass,2,2
746,1,highpass,4,4
747,2,bandpass,6,6
748,3,bandstop,8,8
749,4,allpass,4,4
750,0,lowpass,6,6
751,1,highpass,8,8
752,2,bandpass,2,2
753,3,bandstop,6,6
754,4,allpass,8,8
755,0,lowpass,2,2
756,1,highpass,8,8
757,2,bandpass,6,6
758,3,bandstop,8,8
759,4,allpass,8,8
760,0,lowpass,6,6
761,1,highpass,6,6
762,2,bandpass,8,8
763,3,bandstop,8,8
764,4,allpass,6,6
765,0,lowpass,4,4
766,1,highpass,6,6
767,2,bandpass,4,4
768,3,bandstop,4,4
769,4,allpass,2,2
770,0,lowpass,8,8
771,1,highpass,8,8
772,2,bandpass,2,2
773,3,bandstop,6,6
774,4,allpass,6,6
775,0,lowpass,6,6
776,1,highpass,8,8
777,2,bandpass,6,6
778,3,bandstop,8,8
779,4,allpass,4,4
780,0,lowpass,8,8
781,1,highpass,4,4
782,2,bandpass,2,2
783,3,bandstop,4,4
784,4,allpass,6,6
785,0,lowpass,4,4
786,1,highpass,8,8
787,2,bandpass,8,8
788,3,bandstop,4,4
789,4,allpass,6,6
790,0,lowpass,2,2
791,1,highpass,2,2
792,2,bandpass,6,6
793,3,bandstop,2,2
794,4,allpass,6,6
795,0,lowpass,2,2
796,1,highpass,2,2
797,2,bandpass,4,4
798,3,bandstop,6,6
799,4,allpass,4,4
800,0,lowpass,8,8
801,1,highpass,6,6
802,2,bandpass,2,2
803,3,bandstop,4,4
804,4,allpass,8,8
805,0,lowpass,6,6
806,1,highpass,4,4
807,2,bandpass,8,8
808,3,bandstop,4,4
809,4,allpass,8,8
810,0,lowpass,6,6
811,1,highpass,6,6
812,2,bandpass,4,4
813,3,bandstop,6,6
814,4,allpass,6,6
815,0,lowpass,6,6
816,1,highpass,6,6
817,2,bandpass,4,4
818,3,bandstop,6,6
819,4,allpass,2,2
820,0,lowpass,8,8
821,1,highpass,2,2
822,2,bandpass,4,4
823,3,bandstop,6,6
824,4,allpass,2,2
825,0,lowpass,2,2
826,1,highpass,4,4
827,2,bandpass,2,2
828,3,bandstop,8,8
829,4,allpass,8,8
830,0,lowpass,6,6
831,1,highpass,8,8
832,2,bandpass,8,8
833,3,bandstop,4,4
834,4,allpass,2,2
835,0,lowpass,6,6
836,1,highpass,4,4
837,2,bandpass,6,6
838,3,bandstop,8,8
839,4,allpass,2,2
840,0,lowpass,6,6
841,1,highpass,4,4
842,2,bandpass,6,6
843,3,bandstop,8,8
844,4,allpass,6,6
845,0,lowpass,2,2
846,1,highpass,8,8
847,2,bandpass,4,4
848,3,bandstop,4,4
849,4,allpass,8,8
850,0,lowpass,4,4
851,1,highpass,4,4
852,2,bandpass,6,6
853,3,bandstop,6,6
854,4,allpass,4,4
855,0,lowpass,6,6
856,1,highpass,8,8
857,2,bandpass,8,8
858,3,bandstop,4,4
859,4,allpass,6,6
860,0,lowpass,6,6
861,1,highpass,8,8
862,2,bandpass,4,4
863,3,bandstop,4,4
864,4,allpass,8,8
865,0,lowpass,6,6
866,1,highpass,6,6
867,2,bandpass,2,2
868,3,bandstop,8,8
869,4,allpass,4,4
870,0,lowpass,4,4
871,1,highpass,2,2
872,2,bandpass,6,6
873,3,bandstop,8,8
874,4,allpass,2,2
875,0,lowpass,8,8
876,1,highpass,8,8
877,2,bandpass,8,8
878,3,bandstop,6,6
879,4,allpass,6,6
880,0,lowpass,4,4
881,1,highpass,2,2
882,2,bandpass,6,6
883,3,bandstop,8,8
884,4,allpass,4,4
885,0,lowpass,8,8
886,1,highpass,6,6
887,2,bandpass,8,8
888,3,bandstop,4,4
889,4,allpass,2,2
890,0,lowpass,6,6
891,1,highpass,8,8
892,2,bandpass,4,4
893,3,bandstop,6,6
894,4,allpass,2,2
895,0,lowpass,4,4
896,1,highpass,8,8
897,2,bandpass,6,6
898,3,bandstop,2,2
899,4,allpass,6,6
900,0,lowpass,2,2
901,1,highpass,4,4
902,2,bandpass,2,2
903,3,bandstop,8,8
904,4,allpass,2,2
905,0,lowpass,6,6
906,1,highpass,2,2
907,2,bandpass,2,2
908,3,bandstop,2,2
909,4,allpass,8,8
910,0,lowpass,2,2
911,1,highpass,6,6
912,2,bandpass,2,2
913,3,bandstop,4,4
914,4,allpass,2,2
915,0,lowpass,4,4
916,1,highpass,6,6
917,2,bandpass,8,8
918,3,bandstop,4,4
919,4,allpass,6,6
920,0,lowpass,2,2
921,1,highpass,4,4
922,2,bandpass,4,4
923,3,bandstop,8,8
924,4,allpass,8,8
925,0,lowpass,2,2
926,1,highpass,2,2
927,2,bandpass,6,6
928,3,bandstop,6,6
929,4,allpass,2,2
930,0,lowpass,2,2
931,1,highpass,2,2
932,2,bandpass,2,2
933,3,bandstop,2,2
934,4,allpass,2,2
935,0,lowpass,4,4
936,1,highpass,2,2
937,2,bandpass,6,6
938,3,bandstop,6,6
939,4,allpass,2,2
940,0,lowpass,2,2
941,1,highpass,4,4
942,2,bandpass,2,2
943,3,bandstop,6,6
944,4,allpass,6,6
945,0,lowpass,6,6
946,1,highpass,2,2
947,2,bandpass,6,6
948,3,bandstop,8,8
949,4,allpass,8,8
950,0,lowpass,8,8
951,1,highpass,2,2
952,2,bandpass,2,2
953,3,bandstop,4,4
954,4,allpass,6,6
955,0,lowpass,6,6
956,1,highpass,4,4
957,2,bandpass,2,2
958,3,bandstop,4,4
959,4,allpass,2,2
960,0,lowpass,8,8
961,1,highpass,4,4
962,2,bandpass,4,4
963,3,bandstop,8,8
964,4,allpass,2,2
965,0,lowpass,6,6
966,1,highpass,6,6
967,2,bandpass,6,6
968,3,bandstop,6,6
969,4,allpass,6,6
970,0,lowpass,6,6
971,1,highpass,6,6
972,2,bandpass,8,8
973,3,bandstop,4,4
974,4,allpass,6,6
975,0,lowpass,4,4
976,1,highpass,8,8
977,2,bandpass,4,4
978,3,bandstop,8,8
979,4,allpass,6,6
980,0,lowpass,4,4
981,1,highpass,2,2
982,2,bandpass,4,4
983,3,bandstop,6,6
984,4,allpass,8,8
985,0,lowpass,6,6
986,1,highpass,2,2
987,2,bandpass,6,6
988,3,bandstop,4,4
989,4,allpass,8,8
990,0,lowpass,6,6
991,1,highpass,4,4
992,2,bandpass,4,4
993,3,bandstop,2,2
994,4,allpass,6,6
995,0,lowpass,4,4
996,1,highpass,2,2
997,2,bandpass,4,4
998,3,bandstop,2,2
999,4,allpass,8,8
1000,0,lowpass,6,6
1001,1,highpass,6,6
1002,2,bandpass,6,6
1003,3,bandstop,6,6
1004,4,allpass,2,2
1005,0,lowpass,8,8
1006,1,highpass,4,4
1007,2,bandpass,6,6
1008,3,bandstop,4,4
1009,4,allpass,6,6
1010,0,lowpass,6,6
1011,1,highpass,4,4
1012,2,bandpass,8,8
1013,3,bandstop,2,2
1014,4,allpass,8,8
1015,0,lowpass,6,6
1016,1,highpass,4,4
1017,2,bandpass,8,8
1018,3,bandstop,2,2
1019,4,allpass,2,2
1020,0,lowpass,6,6
1021,1,highpass,8,8
1022,2,bandpass,8,8
1023,3,bandstop,2,2
1024,4,allpass,6,6
1025,0,lowpass,8,8
1026,1,highpass,8,8
1027,2,bandpass,2,2
1028,3,bandstop,6,6
1029,4,allpass,2,2
1030,0,lowpass,2,2
1031,1,highpass,2,2
1032,2,bandpass,6,6
1033,3,bandstop,6,6
1034,4,allpass,2,2
1035,0,lowpass,2,2
1036,1,highpass,8,8
1037,2,bandpass,6,6
1038,3,bandstop,6,6
1039,4,allpass,6,6
1040,0,lowpass,2,2
1041,1,highpass,4,4
1042,2,bandpass,6,6
1043,3,bandstop,2,2
1044,4,allpass,8,8
1045,0,lowpass,6,6
1046,1,highpass,4,4
1047,2,bandpass,8,8
1048,3,bandstop,2,2
1049,4,allpass,2,2
1050,0,lowpass,8,8
1051,1,highpass,4,4
1052,2,bandpass,6,6
1053,3,bandstop,4,4
1054,4,allpass,2,2
1055,0,lowpass,4,4
1056,1,highpass,6,6
1057,2,bandpass,4,4
1058,3,bandstop,6,6
1059,4,allpass,4,4
1060,0,lowpass,2,2
1061,1,highpass,8,8
1062,2,bandpass,2,2
1063,3,bandstop,2,2
1064,4,allpass,6,6
1065,0,lowpass,4,4
1066,1,highpass,6,6
1067,2,bandpass,6,6
1068,3,bandstop,2,2
1069,4,allpass,4,4
1070,0,lowpass,4,4
1071,1,highpass,8,8
1072,2,bandpass,4,4
1073,3,bandstop,8,8
1074,4,allpass,8,8
1075,0,lowpass,6,6
1076,1,highpass,4,4
1077,2,bandpass,4,4
1078,3,bandstop,4,4
1079,4,allpass,6,6
1080,0,lowpass,8,8
1081,1,highpass,8,8
1082,2,bandpass,8,8
1083,3,bandstop,6,6
1084,4,allpass,2,2
1085,0,lowpass,8,8
1086,1,highpass,2,2
1087,2,bandpass,2,2
1088,3,bandstop,4,4
1089,4,allpass,4,4
1090,0,lowpass,6,6
1091,1,highpass,6,6
1092,2,bandpass,4,4
1093,3,bandstop,6,6
1094,4,allpass,6,6
1095,0,lowpass,8,8
1096,1,highpass,6,6
1097,2,bandpass,8,8
1098,3,bandstop,8,8
1099,4,allpass,6,6
1100,0,lowpass,4,4
1101,1,highpass,8,8
1102,2,bandpass,6,6
1103,3,bandstop,8,8
1104,4,allpass,2,2
1105,0,lowpass,4,4
1106,1,highpass,8,8
1107,2,bandpass,2,2
1108,3,bandstop,4,4
1109,4,allpass,4,4
1110,0,lowpass,4,4
1111,1,highpass,8,8
1112,2,bandpass,6,6
1113,3,bandstop,2,2
1114,4,allpass,8,8
1115,0,lowpass,2,2
1116,1,highpass,8,8
1117,2,bandpass,6,6
1118,3,bandstop,2,2
1119,4,allpass,4,4
1120,0,lowpass,6,6
1121,1,highpass,4,4
1122,2,bandpass,2,2
1123,3,bandstop,2,2
1124,4,allpass,2,2
1125,0,lowpass,4,4
1126,1,highpass,6,6
1127,2,bandpass,4,4
1128,3,bandstop,2,2
1129,4,allpass,8,8
1130,0,lowpass,2,2
1131,1,highpass,4,4
1132,2,bandpass,2,2
1133,3,bandstop,6,6
1134,4,allpass,4,4
1135,0,lowpass,6,6
1136,1,highpass,2,2
1137,2,bandpass,6,6
1138,3,bandstop,6,6
1139,4,allpass,6,6
1140,0,lowpass,8,8
1141,1,highpass,2,2
1142,2,bandpass,8,8
1143,3,bandstop,6,6
1144,4,allpass,8,8
1145,0,lowpass,6,6
1146,1,highpass,4,4
1147,2,bandpass,8,8
1148,3,bandstop,6,6
1149,4,allpass,2,2
1150,0,lowpass,8,8
1151,1,highpass,8,8
1152,2,bandpass,2,2
1153,3,bandstop,2,2
1154,4,allpass,6,6
1155,0,lowpass,6,6
1156,1,highpass,2,2
1157,2,bandpass,6,6
1158,3,bandstop,6,6
1159,4,allpass,4,4
1160,0,lowpass,4,4
1161,1,highpass,4,4
1162,2,bandpass,2,2
1163,3,bandstop,4,4
1164,4,allpass,6,6
1165,0,lowpass,2,2
1166,1,highpass,6,6
1167,2,bandpass,8,8
1168,3,bandstop,6,6
1169,4,allpass,2,2
1170,0,lowpass,6,6
1171,1,highpass,8,8
1172,2,bandpass,6,6
1173,3,bandstop,2,2
1174,4,allpass,8,8
1175,0,lowpass,4,4
1176,1,highpass,2,2
1177,2,bandpass,2,2
1178,3,bandstop,6,6
1179,4,allpass,6,6
1180,0,lowpass,8,8
1181,1,highpass,6,6
1182,2,bandpass,2,2
1183,3,bandstop,4,4
1184,4,allpass,4,4
1185,0,lowpass,4,4
1186,1,highpass,8,8
1187,2,bandpass,2,2
1188,3,bandstop,4,4
1189,4,allpass,4,4
1190,0,lowpass,6,6
1191,1,highpass,4,4
1192,2,bandpass,4,4
1193,3,bandstop,6,6
1194,4,allpass,4,4
1195,0,lowpass,4,4
1196,1,highpass,8,8
1197,2,bandpass,6,6
1198,3,bandstop,8,8
1199,4,allpass,6,6
1200,0,lowpass,2,2
1201,1,highpass,6,6
1202,2,bandpass,6,6
1203,3,bandstop,2,2
1204,4,allpass,6,6
1205,0,lowpass,2,2
1206,1,highpass,6,6
1207,2,bandpass,8,8
1208,3,bandstop,8,8
1209,4,allpass,8,8
1210,0,lowpass,6,6
1211,1,highpass,8,8
1212,2,bandpass,8,8
1213,3,bandstop,6,6
1214,4,allpass,8,8
1215,0,lowpass,2,2
1216,1,highpass,8,8
1217,2,bandpass,8,8
1218,3,bandstop,6,6
1219,4,allpass,6,6
1220,0,lowpass,2,2
1221,1,highpass,8,8
1222,2,bandpass,4,4
1223,3,bandstop,4,4
1224,4,allpass,6,6
1225,0,lowpass,6,6
1226,1,highpass,4,4
1227,2,bandpass,8,8
1228,3,bandstop,8,8
1229,4,allpass,6,6
1230,0,lowpass,6,6
1231,1,highpass,2,2
1232,2,bandpass,6,6
1233,3,bandstop,6,6
1234,4,allpass,8,8
1235,0,lowpass,6,6
1236,1,highpass,6,6
1237,2,bandpass,8,8
1238,3,bandstop,2,2
1239,4,allpass,6,6
1240,0,lowpass,6,6
1241,1,highpass,4,4
1242,2,bandpass,8,8
1243,3,bandstop,2,2
1244,4,allpass,8,8
1245,0,lowpass,8,8
1246,1,highpass,6,6
1247,2,bandpass,4,4
1248,3,bandstop,6,6
1249,4,allpass,6,6
1250,0,lowpass,2,2
1251,1,highpass,2,2
1252,2,bandpass,4,4
1253,3,bandstop,8,8
1254,4,allpass,8,8
1255,0,lowpass,2,2
1256,1,highpass,8,8
1257,2,bandpass,2,2
1258,3,bandstop,2,2
1259,4,allpass,8,8
1260,0,lowpass,6,6
1261,1,highpass,4,4
1262,2,bandpass,6,6
1263,3,bandstop,6,6
1264,4,allpass,2,2
1265,0,lowpass,2,2
1266,1,highpass,6,6
1267,2,bandpass,8,8
1268,3,bandstop,4,4
1269,4,allpass,8,8
1270,0,lowpass,8,8
1271,1,highpass,6,6
1272,2,bandpass,2,2
1273,3,bandstop,8,8
1274,4,allpass,8,8
1275,0,lowpass,8,8
1276,1,highpass,4,4
1277,2,bandpass,8,8
1278,3,bandstop,8,8
1279,4,allpass,6,6
1280,0,lowpass,2,2
1281,1,highpass,8,8
1282,2,bandpass,6,6
1283,3,bandstop,8,8
1284,4,allpass,6,6
1285,0,lowpass,2,2
1286,1,highpass,6,6
1287,2,bandpass,8,8
1288,3,bandstop,4,4
1289,4,allpass,4,4
1290,0,lowpass,8,8
1291,1,highpass,6,6
1292,2,bandpass,4,4
1293,3,bandstop,6,6
1294,4,allpass,4,4
1295,0,lowpass,4,4
1296,1,highpass,4,4
1297,2,bandpass,6,6
1298,3,bandstop,2,2
1299,4,allpass,8,8
1300,0,lowpass,4,4
1301,1,highpass,4,4
1302,2,bandpass,8,8
1303,3,bandstop,6,6
1304,4,allpass,4,4
1305,0,lowpass,6,6
1306,1,highpass,8,8
1307,2,bandpass,8,8
1308,3,bandstop,2,2
1309,4,allpass,6,6
1310,0,lowpass,4,4
1311,1,highpass,4,4
1312,2,bandpass,8,8
1313,3,bandstop,8,8
1314,4,allpass,4,4
1315,0,lowpass,2,2
1316,1,highpass,2,2
1317,2,bandpass,2,2
1318,3,bandstop,2,2
1319,4,allpass,8,8
1320,0,lowpass,2,2
1321,1,highpass,2,2
1322,2,bandpass,8,8
1323,3,bandstop,4,4
1324,4,allpass,8,8
1325,0,lowpass,6,6
1326,1,highpass,4,4
1327,2,bandpass,6,6
1328,3,bandstop,2,2
1329,4,allpass,8,8
1330,0,lowpass,4,4
1331,1,highpass,6,6
1332,2,bandpass,8,8
1333,3,bandstop,2,2
1334,4,allpass,8,8
1335,0,lowpass,4,4
1336,1,highpass,8,8
1337,2,bandpass,4,4
1338,3,bandstop,4,4
1339,4,allpass,2,2
1340,0,lowpass,2,2
1341,1,highpass,2,2
1342,2,bandpass,8,8
1343,3,bandstop,4,4
1344,4,allpass,6,6
1345,0,lowpass,2,2
1346,1,highpass,8,8
1347,2,bandpass,2,2
1348,3,bandstop,4,4
1349,4,allpass,6,6
1350,0,lowpass,6,6
1351,1,highpass,6,6
1352,2,bandpass,8,8
1353,3,bandstop,2,2
1354,4,allpass,4,4
1355,0,lowpass,8,8
1356,1,highpass,4,4
1357,2,bandpass,6,6
1358,3,bandstop,8,8
1359,4,allpass,8,8
1360,0,lowpass,2,2
1361,1,highpass,8,8
1362,2,bandpass,8,8
1363,3,bandstop,2,2
1364,4,allpass,2,2
1365,0,lowpass,2,2
1366,1,highpass,8,8
1367,2,bandpass,6,6
1368,3,bandstop,8,8
1369,4,allpass,2,2
1370,0,lowpass,8,8
1371,1,highpass,6,6
1372,2,bandpass,4,4
1373,3,bandstop,2,2
1374,4,allpass,6,6
1375,0,lowpass,6,6
1376,1,highpass,4,4
1377,2,bandpass,2,2
1378,3,bandstop,6,6
1379,4,allpass,4,4
1380,0,lowpass,2,2
1381,1,highpass,6,6
1382,2,bandpass,4,4
1383,3,bandstop,8,8
1384,4,allpass,8,8
1385,0,lowpass,2,2
1386,1,highpass,2,2
1387,2,bandpass,8,8
1388,3,bandstop,8,8
1389,4,allpass,8,8
1390,0,lowpass,4,4
1391,1,highpass,8,8
1392,2,bandpass,6,6
1393,3,bandstop,6,6
1394,4,allpass,4,4
1395,0,lowpass,6,6
1396,1,highpass,6,6
1397,2,bandpass,8,8
1398,3,bandstop,4,4
1399,4,allpass,2,2
1400,0,lowpass,2,2
1401,1,highpass,4,4
1402,2,bandpass,6,6
1403,3,bandstop,4,4
1404,4,allpass,8,8
1405,0,lowpass,8,8
1406,1,highpass,4,4
1407,2,bandpass,2,2
1408,3,bandstop,8,8
1409,4,allpass,6,6
1410,0,lowpass,2,2
1411,1,highpass,4,4
1412,2,bandpass,6,6
1413,3,bandstop,4,4
1414,4,allpass,8,8
1415,0,lowpass,6,6
1416,1,highpass,6,6
1417,2,bandpass,2,2
1418,3,bandstop,4,4
1419,4,allpass,6,6
1420,0,lowpass,6,6
1421,1,highpass,2,2
1422,2,bandpass,8,8
1423,3,bandstop,6,6
1424,4,allpass,4,4
1425,0,lowpass,4,4
1426,1,highpass,6,6
1427,2,bandpass,2,2
1428,3,bandstop,2,2
1429,4,allpass,8,8
1430,0,lowpass,4,4
1431,1,highpass,2,2
1432,2,bandpass,2,2
1433,3,bandstop,4,4
1434,4,allpass,2,2
1435,0,lowpass,4,4
1436,1,highpass,8,8
1437,2,bandpass,2,2
1438,3,bandstop,4,4
1439,4,allpass,2,2
1440,0,lowpass,2,2
1441,1,highpass,2,2
1442,2,bandpass,4,4
1443,3,bandstop,2,2
1444,4,allpass,4,4
1445,0,lowpass,2,2
1446,1,highpass,2,2
1447,2,bandpass,2,2
1448,3,bandstop,2,2
1449,4,allpass,6,6
1450,0,lowpass,6,6
1451,1,highpass,4,4
1452,2,bandpass,4,4
1453,3,bandstop,6,6
1454,4,allpass,8,8
1455,0,lowpass,4,4
1456,1,highpass,6,6
1457,2,bandpass,8,8
1458,3,bandstop,6,6
1459,4,allpass,2,2
1460,0,lowpass,2,2
1461,1,highpass,2,2
1462,2,bandpass,4,4
1463,3,bandstop,2,2
1464,4,allpass,8,8
1465,0,lowpass,8,8
1466,1,highpass,8,8
1467,2,bandpass,6,6
1468,3,bandstop,6,6
1469,4,allpass,4,4
1470,0,lowpass,8,8
1471,1,highpass,6,6
1472,2,bandpass,2,2
1473,3,bandstop,4,4
1474,4,allpass,2,2
1475,0,lowpass,6,6
1476,1,highpass,4,4
1477,2,bandpass,8,8
1478,3,bandstop,6,6
1479,4,allpass,4,4
1480,0,lowpass,2,2
1481,1,highpass,4,4
1482,2,bandpass,6,6
1483,3,bandstop,8,8
1484,4,allpass,6,6
1485,0,lowpass,8,8
1486,1,highpass,2,2
1487,2,bandpass,6,6
1488,3,bandstop,4,4
1489,4,allpass,6,6
1490,0,lowpass,6,6
1491,1,highpass,6,6
1492,2,bandpass,8,8
1493,3,bandstop,4,4
1494,4,allpass,4,4
1495,0,lowpass,8,8
1496,1,highpass,4,4
1497,2,bandpass,8,8
1498,3,bandstop,4,4
1499,4,allpass,8,8
1500,0,lowpass,4,4
1501,1,highpass,2,2
1502,2,bandpass,2,2
1503,3,bandstop,2,2
1504,4,allpass,2,2
1505,0,lowpass,8,8
1506,1,highpass,6,6
1507,2,bandpass,2,2
1508,3,bandstop,2,2
1509,4,allpass,2,2
1510,0,lowpass,4,4
1511,1,highpass,8,8
1512,2,bandpass,6,6
1513,3,bandstop,2,2
1514,4,allpass,4,4
1515,0,lowpass,6,6
1516,1,highpass,8,8
1517,2,bandpass,4,4
1518,3,bandstop,8,8
1519,4,allpass,6,6
1520,0,lowpass,8,8
1521,1,highpass,6,6
1522,2,bandpass,6,6
1523,3,bandstop,6,6
1524,4,allpass,2,2
1525,0,lowpass,8,8
1526,1,highpass,8,8
1527,2,bandpass,6,6
1528,3,bandstop,8,8
1529,4,allpass,4,4
1530,0,lowpass,6,6
1531,1,highpass,8,8
1532,2,bandpass,4,4
1533,3,bandstop,6,6
1534,4,allpass,2,2
1535,0,lowpass,4,4
1536,1,highpass,8,8
1537,2,bandpass,6,6
1538,3,bandstop,6,6
1539,4,allpass,6,6
1540,0,lowpass,6,6
1541,1,highpass,8,8
1542,2,bandpass,2,2
1543,3,bandstop,8,8
1544,4,allpass,4,4
1545,0,lowpass,6,6
1546,1,highpass,8,8
1547,2,bandpass,2,2
1548,3,bandstop,4,4
1549,4,allpass,4,4
1550,0,lowpass,2,2
1551,1,highpass,2,2
1552,2,bandpass,8,8
1553,3,bandstop,4,4
1554,4,allpass,2,2
1555,0,lowpass,2,2
1556,1,highpass,2,2
1557,2,bandpass,8,8
1558,3,bandstop,2,2
1559,4,allpass,6,6
1560,0,lowpass,2,2
1561,1,highpass,6,6
1562,2,bandpass,6,6
1563,3,bandstop,4,4
1564,4,allpass,8,8
1565,0,lowpass,6,6
1566,1,highpass,6,6
1567,2,bandpass,8,8
1568,3,bandstop,6,6
1569,4,allpass,8,8
1570,0,lowpass,4,4
1571,1,highpass,6,6
1572,2,bandpass,6,6
1573,3,bandstop,2,2
1574,4,allpass,6,6
1575,0,lowpass,2,2
1576,1,highpass,6,6
1577,2,bandpass,6,6
1578,3,bandstop,2,2
1579,4,allpass,8,8
1580,0,lowpass,6,6
1581,1,highpass,8,8
1582,2,bandpass,6,6
1583,3,bandstop,8,8
1584,4,allpass,6,6
1585,0,lowpass,2,2
1586,1,highpass,6,6
1587,2,bandpass,4,4
1588,3,bandstop,8,8
1589,4,allpass,4,4
1590,0,lowpass,4,4
1591,1,highpass,6,6
1592,2,bandpass,6,6
1593,3,bandstop,4,4
1594,4,allpass,4,4
1595,0,lowpass,8,8
1596,1,highpass,6,6
1597,2,bandpass,4,4
1598,3,bandstop,4,4
1599,4,allpass,6,6
1600,0,lowpass,4,4
1601,1,highpass,6,6
1602,2,bandpass,2,2
1603,3,bandstop,8,8
1604,4,allpass,2,2
1605,0,lowpass,2,2
1606,1,highpass,6,6
1607,2,bandpass,2,2
1608,3,bandstop,6,6
1609,4,allpass,6,6
1610,0,lowpass,8,8
1611,1,highpass,2,2
1612,2,bandpass,6,6
1613,3,bandstop,2,2
1614,4,allpass,8,8
1615,0,lowpass,6,6
1616,1,highpass,6,6
1617,2,bandpass,4,4
1618,3,bandstop,8,8
1619,4,allpass,2,2
1620,0,lowpass,4,4
1621,1,highpass,2,2
1622,2,bandpass,8,8
1623,3,bandstop,8,8
1624,4,allpass,6,6
1625,0,lowpass,4,4
1626,1,highpass,4,4
1627,2,bandpass,2,2
1628,3,bandstop,8,8
1629,4,allpass,8,8
1630,0,lowpass,8,8
1631,1,highpass,8,8
1632,2,bandpass,6,6
1633,3,bandstop,2,2
1634,4,allpass,4,4
1635,0,lowpass,2,2
1636,1,highpass,2,2
1637,2,bandpass,8,8
1638,3,bandstop,8,8
1639,4,allpass,4,4
1640,0,lowpass,4,4
1641,1,highpass,2,2
1642,2,bandpass,2,2
1643,3,bandstop,8,8
1644,4,allpass,6,6
1645,0,lowpass,8,8
1646,1,highpass,8,8
1647,2,bandpass,2,2
1648,3,bandstop,4,4
1649,4,allpass,4,4
1650,0,lowpass,2,2
1651,1,highpass,2,2
1652,2,bandpass,6,6
1653,3,bandstop,4,4
1654,4,allpass,2,2
1655,0,lowpass,4,4
1656,1,highpass,4,4
1657,2,bandpass,8,8
1658,3,bandstop,6,6
1659,4,allpass,8,8
1660,0,lowpass,4,4
1661,1,highpass,6,6
1662,2,bandpass,8,8
1663,3,bandstop,8,8
1664,4,allpass,6,6
1665,0,lowpass,8,8
1666,1,highpass,2,2
1667,2,bandpass,2,2
1668,3,bandstop,8,8
1669,4,allpass,2,2
1670,0,lowpass,6,6
1671,1,highpass,4,4
1672,2,bandpass,4,4
1673,3,bandstop,6,6
1674,4,allpass,4,4
1675,0,lowpass,2,2
1676,1,highpass,2,2
1677,2,bandpass,8,8
1678,3,bandstop,8,8
1679,4,allpass,8,8
1680,0,lowpass,6,6
1681,1,highpass,8,8
1682,2,bandpass,6,6
1683,3,bandstop,6,6
1684,4,allpass,6,6
1685,0,lowpass,4,4
1686,1,highpass,6,6
1687,2,bandpass,8,8
1688,3,bandstop,8,8
1689,4,allpass,6,6
1690,0,lowpass,2,2
1691,1,highpass,2,2
1692,2,bandpass,6,6
1693,3,bandstop,4,4
1694,4,allpass,4,4
1695,0,lowpass,2,2
1696,1,highpass,6,6
1697,2,bandpass,2,2
1698,3,bandstop,6,6
1699,4,allpass,4,4
1700,0,lowpass,6,6
1701,1,highpass,4,4
1702,2,bandpass,8,8
1703,3,bandstop,2,2
1704,4,allpass,8,8
1705,0,lowpass,6,6
1706,1,highpass,6,6
1707,2,bandpass,2,2
1708,3,bandstop,2,2
1709,4,allpass,8,8
1710,0,lowpass,2,2
1711,1,highpass,8,8
1712,2,bandpass,8,8
1713,3,bandstop,2,2
1714,4,allpass,4,4
1715,0,lowpass,4,4
1716,1,highpass,4,4
1717,2,bandpass,2,2
1718,3,bandstop,6,6
1719,4,allpass,6,6
1720,0,lowpass,2,2
1721,1,highpass,8,8
1722,2,bandpass,6,6
1723,3,bandstop,6,6
1724,4,allpass,6,6
1725,0,lowpass,4,4
1726,1,highpass,6,6
1727,2,bandpass,2,2
1728,3,bandstop,8,8
1729,4,allpass,2,2
1730,0,lowpass,2,2
1731,1,highpass,2,2
1732,2,bandpass,6,6
1733,3,bandstop,4,4
1734,4,allpass,4,4
1735,0,lowpass,4,4
1736,1,highpass,4,4
1737,2,bandpass,6,6
1738,3,bandstop,2,2
1739,4,allpass,6,6
1740,0,lowpass,8,8
1741,1,highpass,2,2
1742,2,bandpass,6,6
1743,3,bandstop,2,2
1744,4,allpass,2,2
1745,0,lowpass,2,2
1746,1,highpass,8,8
1747,2,bandpass,6,6
1748,3,bandstop,6,6
1749,4,allpass,8,8
1750,0,lowpass,8,8
1751,1,highpass,6,6
1752,2,bandpass,4,4
1753,3,bandstop,8,8
1754,4,allpass,6,6
1755,0,lowpass,2,2
1756,1,highpass,6,6
1757,2,bandpass,4,4
1758,3,bandstop,2,2
1759,4,allpass,8,8
1760,0,lowpass,8,8
1761,1,highpass,8,8
1762,2,bandpass,2,2
1763,3,bandstop,2,2
1764,4,allpass,8,8
1765,0,lowpass,2,2
1766,1,highpass,8,8
1767,2,bandpass,6,6
1768,3,bandstop,4,4
1769,4,allpass,4,4
1770,0,lowpass,6,6
1771,1,highpass,8,8
1772,2,bandpass,2,2
1773,3,bandstop,8,8
1774,4,allpass,2,2
1775,0,lowpass,8,8
1776,1,highpass,6,6
1777,2,bandpass,8,8
1778,3,bandstop,4,4
1779,4,allpass,6,6
1780,0,lowpass,8,8
1781,1,highpass,4,4
1782,2,bandpass,4,4
1783,3,bandstop,4,4
1784,4,allpass,8,8
1785,0,lowpass,4,4
1786,1,highpass,6,6
1787,2,bandpass,4,4
1788,3,bandstop,6,6
1789,4,allpass,6,6
1790,0,lowpass,6,6
1791,1,highpass,6,6
1792,2,bandpass,4,4
1793,3,bandstop,4,4
1794,4,allpass,4,4
1795,0,lowpass,6,6
1796,1,highpass,8,8
1797,2,bandpass,2,2
1798,3,bandstop,8,8
1799,4,allpass,2,2
1800,0,lowpass,2,2
1801,1,highpass,4,4
1802,2,bandpass,2,2
1803,3,bandstop,2,2
1804,4,allpass,4,4
1805,0,lowpass,4,4
1806,1,highpass,4,4
1807,2,bandpass,2,2
1808,3,bandstop,2,2
1809,4,allpass,2,2
1810,0,lowpass,6,6
1811,1,highpass,4,4
1812,2,bandpass,6,6
1813,3,bandstop,8,8
1814,4,allpass,6,6
1815,0,lowpass,2,2
1816,1,highpass,6,6
1817,2,bandpass,2,2
1818,3,bandstop,4,4
1819,4,allpass,8,8
1820,0,lowpass,6,6
1821,1,highpass,6,6
1822,2,bandpass,4,4
1823,3,bandstop,2,2
1824,4,allpass,8,8
1825,0,lowpass,8,8
1826,1,highpass,2,2
1827,2,bandpass,6,6
1828,3,bandstop,8,8
1829,4,allpass,2,2
1830,0,lowpass,2,2
1831,1,highpass,4,4
1832,2,bandpass,2,2
1833,3,bandstop,8,8
1834,4,allpass,8,8
1835,0,lowpass,2,2
1836,1,highpass,6,6
1837,2,bandpass,8,8
1838,3,bandstop,4,4
1839,4,allpass,2,2
1840,0,lowpass,4,4
1841,1,highpass,6,6
1842,2,bandpass,4,4
1843,3,bandstop,2,2
1844,4,allpass,2,2
1845,0,lowpass,8,8
1846,1,highpass,6,6
1847,2,bandpass,4,4
1848,3,bandstop,2,2
1849,4,allpass,4,4
1850,0,lowpass,4,4
1851,1,highpass,6,6
1852,2,bandpass,8,8
1853,3,bandstop,4,4
1854,4,allpass,8,8
1855,0,lowpass,4,4
1856,1,highpass,2,2
1857,2,bandpass,4,4
1858,3,bandstop,4,4
1859,4,allpass,4,4
1860,0,lowpass,6,6
1861,1,highpass,8,8
1862,2,bandpass,6,6
1863,3,bandstop,8,8
1864,4,allpass,8,8
1865,0,lowpass,6,6
1866,1,highpass,2,2
1867,2,bandpass,6,6
1868,3,bandstop,8,8
1869,4,allpass,8,8
1870,0,lowpass,2,2
1871,1,highpass,2,2
1872,2,bandpass,8,8
1873,3,bandstop,6,6
1874,4,allpass,8,8
1875,0,lowpass,4,4
1876,1,highpass,4,4
1877,2,bandpass,8,8
1878,3,bandstop,2,2
1879,4,allpass,4,4
1880,0,lowpass,4,4
1881,1,highpass,6,6
1882,2,bandpass,6,6
1883,3,bandstop,6,6
1884,4,allpass,2,2
1885,0,lowpass,2,2
1886,1,highpass,8,8
1887,2,bandpass,2,2
1888,3,bandstop,4,4
1889,4,allpass,2,2
1890,0,lowpass,6,6
1891,1,highpass,8,8
1892,2,bandpass,2,2
1893,3,bandstop,2,2
1894,4,allpass,2,2
1895,0,lowpass,2,2
1896,1,highpass,4,4
1897,2,bandpass,4,4
1898,3,bandstop,6,6
1899,4,allpass,6,6
1900,0,lowpass,8,8
1901,1,highpass,2,2
1902,2,bandpass,6,6
1903,3,bandstop,2,2
1904,4,allpass,2,2
1905,0,lowpass,2,2
1906,1,highpass,6,6
1907,2,bandpass,8,8
1908,3,bandstop,2,2
1909,4,allpass,8,8
1910,0,lowpass,2,2
1911,1,highpass,4,4
1912,2,bandpass,4,4
1913,3,bandstop,4,4
1914,4,allpass,8,8
1915,0,lowpass,2,2
1916,1,highpass,4,4
1917,2,bandpass,8,8
1918,3,bandstop,6,6
1919,4,allpass,2,2
1920,0,lowpass,2,2
1921,1,highpass,8,8
1922,2,bandpass,6,6
1923,3,bandstop,8,8
1924,4,allpass,2,2
1925,0,lowpass,6,6
1926,1,highpass,2,2
1927,2,bandpass,8,8
1928,3,bandstop,2,2
1929,4,allpass,6,6
1930,0,lowpass,6,6
1931,1,highpass,4,4
1932,2,bandpass,4,4
1933,3,bandstop,4,4
1934,4,allpass,8,8
1935,0,lowpass,2,2
1936,1,highpass,2,2
1937,2,bandpass,4,4
1938,3,bandstop,2,2
1939,4,allpass,8,8
1940,0,lowpass,6,6
1941,1,highpass,8,8
1942,2,bandpass,2,2
1943,3,bandstop,8,8
1944,4,allpass,6,6
1945,0,lowpass,8,8
1946,1,highpass,2,2
1947,2,bandpass,2,2
1948,3,bandstop,4,4
1949,4,allpass,6,6
1950,0,lowpass,8,8
1951,1,highpass,6,6
1952,2,bandpass,4,4
1953,3,bandstop,4,4
1954,4,allpass,2,2
1955,0,lowpass,6,6
1956,1,highpass,8,8
1957,2,bandpass,6,6
1958,3,bandstop,8,8
1959,4,allpass,8,8
1960,0,lowpass,4,4
1961,1,highpass,6,6
1962,2,bandpass,6,6
1963,3,bandstop,4,4
1964,4,allpass,4,4
1965,0,lowpass,6,6
1966,1,highpass,8,8
1967,2,bandpass,8,8
1968,3,bandstop,4,4
1969,4,allpass,6,6
1970,0,lowpass,8,8
1971,1,highpass,2,2
1972,2,bandpass,8,8
1973,3,bandstop,2,2
1974,4,allpass,2,2
1975,0,lowpass,4,4
1976,1,highpass,2,2
1977,2,bandpass,8,8
1978,3,bandstop,8,8
1979,4,allpass,8,8
1980,0,lowpass,2,2
1981,1,highpass,4,4
1982,2,bandpass,4,4
1983,3,bandstop,2,2
1984,4,allpass,6,6
1985,0,lowpass,4,4
1986,1,highpass,8,8
1987,2,bandpass,4,4
1988,3,bandstop,6,6
1989,4,allpass,2,2
1990,0,lowpass,4,4
1991,1,highpass,8,8
1992,2,bandpass,8,8
1993,3,bandstop,2,2
1994,4,allpass,2,2
1995,0,lowpass,4,4
1996,1,highpass,2,2
1997,2,bandpass,8,8
1998,3,bandstop,2,2
1999,4,allpass,2,2
2000,0,lowpass,4,4
2001,1,highpass,6,6
2002,2,bandpass,6,6
2003,3,bandstop,6,6
2004,4,allpass,2,2
2005,0,lowpass,2,2
2006,1,highpass,4,4
2007,2,bandpass,4,4
2008,3,bandstop,2,2
2009,4,allpass,4,4
2010,0,lowpass,6,6
2011,1,highpass,4,4
2012,2,bandpass,2,2
2013,3,bandstop,2,2
2014,4,allpass,4,4
2015,0,lowpass,4,4
2016,1,highpass,2,2
2017,2,bandpass,2,2
2018,3,bandstop,8,8
2019,4,allpass,2,2
2020,0,lowpass,6,6
2021,1,highpass,6,6
2022,2,bandpass,2,2
2023,3,bandstop,6,6
2024,4,allpass,6,6
2025,0,lowpass,2,2
2026,1,highpass,2,2
2027,2,bandpass,8,8
2028,3,bandstop,8,8
2029,4,allpass,6,6
2030,0,lowpass,2,2
2031,1,highpass,6,6
2032,2,bandpass,4,4
2033,3,bandstop,2,2
2034,4,allpass,2,2
2035,0,lowpass,6,6
2036,1,highpass,2,2
2037,2,bandpass,8,8
2038,3,bandstop,2,2
2039,4,allpass,8,8
2040,0,lowpass,8,8
2041,1,highpass,8,8
2042,2,bandpass,6,6
2043,3,bandstop,6,6
2044,4,allpass,4,4
2045,0,lowpass,6,6
2046,1,highpass,4,4
2047,2,bandpass,8,8
2048,3,bandstop,6,6
2049,4,allpass,4,4
2050,0,lowpass,4,4
2051,1,highpass,8,8
2052,2,bandpass,6,6
2053,3,bandstop,6,6
2054,4,allpass,4,4
2055,0,lowpass,4,4
2056,1,highpass,2,2
2057,2,bandpass,8,8
2058,3,bandstop,8,8
2059,4,allpass,2,2
2060,0,lowpass,6,6
2061,1,highpass,2,2
2062,2,bandpass,8,8
2063,3,bandstop,8,8
2064,4,allpass,8,8
2065,0,lowpass,4,4
2066,1,highpass,2,2
2067,2,bandpass,6,6
2068,3,bandstop,6,6
2069,4,allpass,6,6
2070,0,lowpass,4,4
2071,1,highpass,6,6
2072,2,bandpass,6,6
2073,3,bandstop,6,6
2074,4,allpass,4,4
2075,0,lowpass,8,8
2076,1,highpass,2,2
2077,2,bandpass,2,2
2078,3,bandstop,2,2
2079,4,allpass,8,8
2080,0,lowpass,6,6
2081,1,highpass,4,4
2082,2,bandpass,8,8
2083,3,bandstop,8,8
2084,4,allpass,6,6
2085,0,lowpass,8,8
2086,1,highpass,4,4
2087,2,bandpass,8,8
2088,3,bandstop,8,8
2089,4,allpass,2,2
2090,0,lowpass,8,8
2091,1,highpass,2,2
2092,2,bandpass,8,8
2093,3,bandstop,6,6
2094,4,allpass,8,8
2095,0,lowpass,6,6
2096,1,highpass,8,8
2097,2,bandpass,2,2
2098,3,bandstop,8,8
2099,4,allpass,4,4
2100,0,lowpass,6,6
2101,1,highpass,6,6
2102,2,bandpass,6,6
2103,3,bandstop,6,6
2104,4,allpass,6,6
2105,0,lowpass,2,2
2106,1,highpass,2,2
2107,2,bandpass,2,2
2108,3,bandstop,8,8
2109,4,allpass,4,4
2110,0,lowpass,8,8
2111,1,highpass,8,8
2112,2,bandpass,2,2
2113,3,bandstop,8,8
2114,4,allpass,2,2
2115,0,lowpass,4,4
2116,1,highpass,2,2
2117,2,bandpass,8,8
2118,3,bandstop,2,2
2119,4,allpass,2,2
2120,0,lowpass,8,8
2121,1,highpass,8,8
2122,2,bandpass,8,8
2123,3,bandstop,6,6
2124,4,allpass,8,8
2125,0,lowpass,6,6
2126,1,highpass,4,4
2127,2,bandpass,6,6
2128,3,bandstop,4,4
2129,4,allpass,8,8
2130,0,lowpass,6,6
2131,1,highpass,2,2
2132,2,bandpass,2,2
2133,3,bandstop,6,6
2134,4,allpass,6,6
2135,0,lowpass,4,4
2136,1,highpass,6,6
2137,2,bandpass,6,6
2138,3,bandstop,6,6
2139,4,allpass,6,6
2140,0,lowpass,6,6
2141,1,highpass,8,8
2142,2,bandpass,2,2
2143,3,bandstop,8,8
2144,4,allpass,2,2
2145,0,lowpass,4,4
2146,1,highpass,8,8
2147,2,bandpass,4,4
2148,3,bandstop,2,2
2149,4,allpass,4,4
2150,0,lowpass,4,4
2151,1,highpass,6,6
2152,2,bandpass,8,8
2153,3,bandstop,6,6
2154,4,allpass,4,4
2155,0,lowpass,8,8
2156,1,highpass,8,8
2157,2,bandpass,4,4
2158,3,bandstop,6,6
2159,4,allpass,8,8
2160,0,lowpass,4,4
2161,1,highpass,8,8
2162,2,bandpass,6,6
2163,3,bandstop,8,8
2164,4,allpass,4,4
2165,0,lowpass,2,2
2166,1,highpass,8,8
2167,2,bandpass,8,8
2168,3,bandstop,2,2
2169,4,allpass,6,6
2170,0,lowpass,6,6
2171,1,highpass,6,6
2172,2,bandpass,6,6
2173,3,bandstop,4,4
2174,4,allpass,6,6
2175,0,lowpass,6,6
2176,1,highpass,6,6
2177,2,bandpass,2,2
2178,3,bandstop,6,6
2179,4,allpass,6,6
2180,0,lowpass,4,4
2181,1,highpass,6,6
2182,2,bandpass,8,8
2183,3,bandstop,6,6
2184,4,allpass,2,2
2185,0,lowpass,2,2
2186,1,highpass,6,6
2187,2,bandpass,2,2
2188,3,bandstop,2,2
2189,4,allpass,8,8
2190,0,lowpass,6,6
2191,1,highpass,2,2
2192,2,bandpass,2,2
2193,3,bandstop,2,2
2194,4,allpass,8,8
2195,0,lowpass,8,8
2196,1,highpass,2,2
2197,2,bandpass,6,6
2198,3,bandstop,4,4
2199,4,allpass,2,2
2200,0,lowpass,6,6
2201,1,highpass,8,8
2202,2,bandpass,4,4
2203,3,bandstop,4,4
2204,4,allpass,8,8
2205,0,lowpass,6,6
2206,1,highpass,4,4
2207,2,bandpass,4,4
2208,3,bandstop,8,8
2209,4,allpass,4,4
2210,0,lowpass,2,2
2211,1,highpass,2,2
2212,2,bandpass,2,2
2213,3,bandstop,6,6
2214,4,allpass,6,6
2215,0,lowpass,8,8
2216,1,highpass,4,4
2217,2,bandpass,8,8
2218,3,bandstop,6,6
2219,4,allpass,4,4
2220,0,lowpass,8,8
2221,1,highpass,2,2
2222,2,bandpass,6,6
2223,3,bandstop,6,6
2224,4,allpass,6,6
2225,0,lowpass,6,6
2226,1,highpass,8,8
2227,2,bandpass,6,6
2228,3,bandstop,2,2
2229,4,allpass,8,8
2230,0,lowpass,6,6
2231,1,highpass,4,4
2232,2,bandpass,2,2
2233,3,bandstop,8,8
2234,4,allpass,2,2
2235,0,lowpass,6,6
2236,1,highpass,4,4
2237,2,bandpass,2,2
2238,3,bandstop,8,8
2239,4,allpass,2,2
2240,0,lowpass,4,4
2241,1,highpass,4,4
2242,2,bandpass,4,4
2243,3,bandstop,2,2
2244,4,allpass,6,6
2245,0,lowpass,8,8
2246,1,highpass,6,6
2247,2,bandpass,2,2
2248,3,bandstop,8,8
2249,4,allpass,6,6
2250,0,lowpass,8,8
2251,1,highpass,2,2
2252,2,bandpass,2,2
2253,3,bandstop,8,8
2254,4,allpass,8,8
2255,0,lowpass,8,8
2256,1,highpass,4,4
2257,2,bandpass,8,8
2258,3,bandstop,8,8
2259,4,allpass,4,4
2260,0,lowpass,6,6
2261,1,highpass,4,4
2262,2,bandpass,2,2
2263,3,bandstop,4,4
2264,4,allpass,8,8
2265,0,lowpass,4,4
2266,1,highpass,2,2
2267,2,bandpass,2,2
2268,3,bandstop,6,6
2269,4,allpass,2,2
2270,0,lowpass,6,6
2271,1,highpass,6,6
2272,2,bandpass,2,2
2273,3,bandstop,6,6
2274,4,allpass,8,8
2275,0,lowpass,4,4
2276,1,highpass,8,8
2277,2,bandpass,2,2
2278,3,bandstop,8,8
2279,4,allpass,6,6
2280,0,lowpass,6,6
2281,1,highpass,8,8
2282,2,bandpass,4,4
2283,3,bandstop,6,6
2284,4,allpass,6,6
2285,0,lowpass,2,2
2286,1,highpass,6,6
2287,2,bandpass,4,4
2288,3,bandstop,4,4
2289,4,allpass,2,2
2290,0,lowpass,6,6
2291,1,highpass,2,2
2292,2,bandpass,8,8
2293,3,bandstop,4,4
2294,4,allpass,4,4
2295,0,lowpass,2,2
2296,1,highpass,6,6
2297,2,bandpass,8,8
2298,3,bandstop,2,2
2299,4,allpass,8,8
2300,0,lowpass,8,8
2301,1,highpass,6,6
2302,2,bandpass,2,2
2303,3,bandstop,8,8
2304,4,allpass,4,4
2305,0,lowpass,4,4
2306,1,highpass,2,2
2307,2,bandpass,8,8
2308,3,bandstop,8,8
2309,4,allpass,6,6
2310,0,lowpass,2,2
2311,1,highpass,6,6
2312,2,bandpass,4,4
2313,3,bandstop,6,6
2314,4,allpass,6,6
2315,0,lowpass,8,8
2316,1,highpass,6,6
2317,2,bandpass,8,8
2318,3,bandstop,4,4
2319,4,allpass,2,2
2320,0,lowpass,6,6
2321,1,highpass,2,2
2322,2,bandpass,8,8
2323,3,bandstop,4,4
2324,4,allpass,8,8
2325,0,lowpass,6,6
2326,1,highpass,8,8
2327,2,bandpass,8,8
2328,3,bandstop,6,6
2329,4,allpass,4,4
2330,0,lowpass,8,8
2331,1,highpass,4,4
2332,2,bandpass,8,8
2333,3,bandstop,2,2
2334,4,allpass,6,6
2335,0,lowpass,2,2
2336,1,highpass,4,4
2337,2,bandpass,4,4
2338,3,bandstop,8,8
2339,4,allpass,4,4
2340,0,lowpass,8,8
2341,1,highpass,4,4
2342,2,bandpass,8,8
2343,3,bandstop,8,8
2344,4,allpass,8,8
2345,0,lowpass,2,2
2346,1,highpass,8,8
2347,2,bandpass,4,4
2348,3,bandstop,6,6
2349,4,allpass,2,2
2350,0,lowpass,4,4
2351,1,highpass,2,2
2352,2,bandpass,8,8
2353,3,bandstop,2,2
2354,4,allpass,8,8
2355,0,lowpass,8,8
2356,1,highpass,6,6
2357,2,bandpass,2,2
2358,3,bandstop,8,8
2359,4,allpass,4,4
2360,0,lowpass,8,8
2361,1,highpass,4,4
2362,2,bandpass,8,8
2363,3,bandstop,8,8
2364,4,allpass,6,6
2365,0,lowpass,8,8
2366,1,highpass,4,4
2367,2,bandpass,6,6
2368,3,bandstop,6,6
2369,4,allpass,6,6
2370,0,lowpass,2,2
2371,1,highpass,8,8
2372,2,bandpass,4,4
2373,3,bandstop,2,2
2374,4,allpass,4,4
2375,0,lowpass,8,8
2376,1,highpass,6,6
2377,2,bandpass,8,8
2378,3,bandstop,8,8
2379,4,allpass,2,2
2380,0,lowpass,4,4
2381,1,highpass,8,8
2382,2,bandpass,6,6
2383,3,bandstop,2,2
2384,4,allpass,4,4
2385,0,lowpass,4,4
2386,1,highpass,4,4
2387,2,bandpass,4,4
2388,3,bandstop,6,6
2389,4,allpass,4,4
2390,0,lowpass,8,8
2391,1,highpass,8,8
2392,2,bandpass,2,2
2393,3,bandstop,4,4
2394,4,allpass,4,4
2395,0,lowpass,2,2
2396,1,highpass,4,4
2397,2,bandpass,6,6
2398,3,bandstop,2,2
2399,4,allpass,4,4
2400,0,lowpass,8,8
2401,1,highpass,8,8
2402,2,bandpass,6,6
2403,3,bandstop,2,2
2404,4,allpass,6,6
2405,0,lowpass,6,6
2406,1,highpass,2,2
2407,2,bandpass,4,4
2408,3,bandstop,2,2
2409,4,allpass,6,6
2410,0,lowpass,2,2
2411,1,highpass,4,4
2412,2,bandpass,8,8
2413,3,bandstop,6,6
2414,4,allpass,6,6
2415,0,lowpass,6,6
2416,1,highpass,8,8
2417,2,bandpass,2,2
2418,3,bandstop,4,4
2419,4,allpass,8,8
2420,0,lowpass,4,4
2421,1,highpass,2,2
2422,2,bandpass,6,6
2423,3,bandstop,6,6
2424,4,allpass,2,2
2425,0,lowpass,6,6
2426,1,highpass,8,8
2427,2,bandpass,2,2
2428,3,bandstop,2,2
2429,4,allpass,8,8
2430,0,lowpass,6,6
2431,1,highpass,4,4
2432,2,bandpass,8,8
2433,3,bandstop,2,2
2434,4,allpass,4,4
2435,0,lowpass,2,2
2436,1,highpass,8,8
2437,2,bandpass,4,4
2438,3,bandstop,8,8
2439,4,allpass,6,6
2440,0,lowpass,6,6
2441,1,highpass,4,4
2442,2,bandpass,8,8
2443,3,bandstop,2,2
2444,4,allpass,4,4
2445,0,lowpass,2,2
2446,1,highpass,8,8
2447,2,bandpass,4,4
2448,3,bandstop,8,8
2449,4,allpass,6,6
2450,0,lowpass,6,6
2451,1,highpass,2,2
2452,2,bandpass,8,8
2453,3,bandstop,8,8
2454,4,allpass,6,6
2455,0,lowpass,6,6
2456,1,highpass,6,6
2457,2,bandpass,8,8
2458,3,bandstop,4,4
2459,4,allpass,8,8
2460,0,lowpass,6,6
2461,1,highpass,2,2
2462,2,bandpass,4,4
2463,3,bandstop,6,6
2464,4,allpass,6,6
2465,0,lowpass,4,4
2466,1,highpass,2,2
2467,2,bandpass,2,2
2468,3,bandstop,6,6
2469,4,allpass,4,4
2470,0,lowpass,6,6
2471,1,highpass,6,6
2472,2,bandpass,8,8
2473,3,bandstop,6,6
2474,4,allpass,8,8
2475,0,lowpass,6,6
2476,1,highpass,8,8
2477,2,bandpass,4,4
2478,3,bandstop,6,6
2479,4,allpass,4,4
2480,0,lowpass,6,6
2481,1,highpass,8,8
2482,2,bandpass,6,6
2483,3,bandstop,4,4
2484,4,allpass,2,2
2485,0,lowpass,8,8
2486,1,highpass,6,6
2487,2,bandpass,2,2
2488,3,bandstop,2,2
2489,4,allpass,2,2
2490,0,lowpass,8,8
2491,1,highpass,6,6
2492,2,bandpass,2,2
2493,3,bandstop,6,6
2494,4,allpass,6,6
2495,0,lowpass,8,8
2496,1,highpass,2,2
2497,2,bandpass,4,4
2498,3,bandstop,4,4
2499,4,allpass,8,8
2500,0,lowpass,4,4
2501,1,highpass,8,8
2502,2,bandpass,2,2
2503,3,bandstop,8,8
2504,4,allpass,6,6
2505,0,lowpass,8,8
2506,1,highpass,6,6
2507,2,bandpass,2,2
2508,3,bandstop,4,4
2509,4,allpass,6,6
2510,0,lowpass,2,2
2511,1,highpass,2,2
2512,2,bandpass,4,4
2513,3,bandstop,6,6
2514,4,allpass,4,4
2515,0,lowpass,6,6
2516,1,highpass,8,8
2517,2,bandpass,4,4
2518,3,bandstop,4,4
2519,4,allpass,6,6
2520,0,lowpass,2,2
2521,1,highpass,2,2
2522,2,bandpass,6,6
2523,3,bandstop,8,8
2524,4,allpass,4,4
2525,0,lowpass,6,6
2526,1,highpass,8,8
2527,2,bandpass,6,6
2528,3,bandstop,4,4
2529,4,allpass,6,6
2530,0,lowpass,8,8
2531,1,highpass,2,2
2532,2,bandpass,6,6
2533,3,bandstop,4,4
2534,4,allpass,4,4
2535,0,lowpass,8,8
2536,1,highpass,2,2
2537,2,bandpass,6,6
2538,3,bandstop,8,8
2539,4,allpass,6,6
2540,0,lowpass,4,4
2541,1,highpass,6,6
2542,2,bandpass,6,6
2543,3,bandstop,8,8
2544,4,allpass,4,4
2545,0,lowpass,2,2
2546,1,highpass,2,2
2547,2,bandpass,4,4
2548,3,bandstop,8,8
2549,4,allpass,2,2
2550,0,lowpass,6,6
2551,1,highpass,2,2
2552,2,bandpass,2,2
2553,3,bandstop,4,4
2554,4,allpass,4,4
2555,0,lowpass,8,8
2556,1,highpass,4,4
2557,2,bandpass,4,4
2558,3,bandstop,2,2
2559,4,allpass,6,6
2560,0,lowpass,8,8
2561,1,highpass,2,2
2562,2,bandpass,8,8
2563,3,bandstop,2,2
2564,4,allpass,8,8
2565,0,lowpass,4,4
2566,1,highpass,2,2
2567,2,bandpass,2,2
2568,3,bandstop,8,8
2569,4,allpass,2,2
2570,0,lowpass,4,4
2571,1,highpass,2,2
2572,2,bandpass,2,2
2573,3,bandstop,2,2
2574,4,allpass,8,8
2575,0,lowpass,4,4
2576,1,highpass,8,8
2577,2,bandpass,2,2
2578,3,bandstop,8,8
2579,4,allpass,6,6
2580,0,lowpass,4,4
2581,1,highpass,8,8
2582,2,bandpass,4,4
2583,3,bandstop,8,8
2584,4,allpass,2,2
2585,0,lowpass,4,4
2586,1,highpass,2,2
2587,2,bandpass,2,2
2588,3,bandstop,8,8
2589,4,allpass,2,2
2590,0,lowpass,8,8
2591,1,highpass,4,4
2592,2,bandpass,4,4
2593,3,bandstop,6,6
2594,4,allpass,2,2
2595,0,lowpass,2,2
2596,1,highpass,8,8
2597,2,bandpass,6,6
2598,3,bandstop,8,8
2599,4,allpass,6,6
2600,0,lowpass,8,8
2601,1,highpass,4,4
2602,2,bandpass,8,8
2603,3,bandstop,8,8
2604,4,allpass,6,6
2605,0,lowpass,2,2
2606,1,highpass,6,6
2607,2,bandpass,6,6
2608,3,bandstop,4,4
2609,4,allpass,2,2
2610,0,lowpass,6,6
2611,1,highpass,8,8
2612,2,bandpass,8,8
2613,3,bandstop,6,6
2614,4,allpass,6,6
2615,0,lowpass,2,2
2616,1,highpass,6,6
2617,2,bandpass,8,8
2618,3,bandstop,4,4
2619,4,allpass,8,8
2620,0,lowpass,8,8
2621,1,highpass,4,4
2622,2,bandpass,6,6
2623,3,bandstop,2,2
2624,4,allpass,4,4
2625,0,lowpass,4,4
2626,1,highpass,6,6
2627,2,bandpass,2,2
2628,3,bandstop,6,6
2629,4,allpass,2,2
2630,0,lowpass,8,8
2631,1,highpass,2,2
2632,2,bandpass,4,4
2633,3,bandstop,8,8
2634,4,allpass,8,8
2635,0,lowpass,4,4
2636,1,highpass,6,6
2637,2,bandpass,2,2
2638,3,bandstop,4,4
2639,4,allpass,6,6
2640,0,lowpass,4,4
2641,1,highpass,2,2
2642,2,bandpass,4,4
2643,3,bandstop,2,2
2644,4,allpass,8,8
2645,0,lowpass,4,4
2646,1,highpass,4,4
2647,2,bandpass,8,8
2648,3,bandstop,2,2
2649,4,allpass,2,2
2650,0,lowpass,6,6
2651,1,highpass,2,2
2652,2,bandpass,4,4
2653,3,bandstop,4,4
2654,4,allpass,8,8
2655,0,lowpass,4,4
2656,1,highpass,6,6
2657,2,bandpass,8,8
2658,3,bandstop,6,6
2659,4,allpass,2,2
2660,0,lowpass,2,2
2661,1,highpass,6,6
2662,2,bandpass,8,8
2663,3,bandstop,4,4
2664,4,allpass,6,6
2665,0,lowpass,2,2
2666,1,highpass,2,2
2667,2,bandpass,4,4
2668,3,bandstop,2,2
2669,4,allpass,8,8
2670,0,lowpass,2,2
2671,1,highpass,8,8
2672,2,bandpass,2,2
2673,3,bandstop,2,2
2674,4,allpass,4,4
2675,0,lowpass,2,2
2676,1,highpass,8,8
2677,2,bandpass,4,4
2678,3,bandstop,8,8
2679,4,allpass,6,6
2680,0,lowpass,8,8
2681,1,highpass,2,2
2682,2,bandpass,4,4
2683,3,bandstop,8,8
2684,4,allpass,8,8
2685,0,lowpass,2,2
2686,1,highpass,4,4
2687,2,bandpass,8,8
2688,3,bandstop,4,4
2689,4,allpass,4,4
2690,0,lowpass,2,2
2691,1,highpass,2,2
2692,2,bandpass,8,8
2693,3,bandstop,2,2
2694,4,allpass,4,4
2695,0,lowpass,2,2
2696,1,highpass,6,6
2697,2,bandpass,2,2
2698,3,bandstop,4,4
2699,4,allpass,4,4
2700,0,lowpass,8,8
2701,1,highpass,4,4
2702,2,bandpass,2,2
2703,3,bandstop,8,8
2704,4,allpass,2,2
2705,0,lowpass,6,6
2706,1,highpass,8,8
2707,2,bandpass,8,8
2708,3,bandstop,8,8
2709,4,allpass,8,8
2710,0,lowpass,6,6
2711,1,highpass,6,6
2712,2,bandpass,6,6
2713,3,bandstop,4,4
2714,4,allpass,8,8
2715,0,lowpass,8,8
2716,1,highpass,6,6
2717,2,bandpass,4,4
2718,3,bandstop,4,4
2719,4,allpass,4,4
2720,0,lowpass,6,6
2721,1,highpass,6,6
2722,2,bandpass,4,4
2723,3,bandstop,4,4
2724,4,allpass,6,6
2725,0,lowpass,2,2
2726,1,highpass,6,6
2727,2,bandpass,2,2
2728,3,bandstop,6,6
2729,4,allpass,6,6
2730,0,lowpass,2,2
2731,1,highpass,4,4
2732,2,bandpass,2,2
2733,3,bandstop,8,8
2734,4,allpass,8,8
2735,0,lowpass,8,8
2736,1,highpass,4,4
2737,2,bandpass,6,6
2738,3,bandstop,2,2
2739,4,allpass,4,4
2740,0,lowpass,4,4
2741,1,highpass,6,6
2742,2,bandpass,6,6
2743,3,bandstop,2,2
2744,4,allpass,8,8
2745,0,lowpass,6,6
2746,1,highpass,2,2
2747,2,bandpass,2,2
2748,3,bandstop,4,4
2749,4,allpass,2,2
2750,0,lowpass,2,2
2751,1,highpass,6,6
2752,2,bandpass,4,4
2753,3,bandstop,2,2
2754,4,allpass,2,2
2755,0,lowpass,6,6
2756,1,highpass,8,8
2757,2,bandpass,2,2
2758,3,bandstop,4,4
2759,4,allpass,6,6
2760,0,lowpass,8,8
2761,1,highpass,2,2
2762,2,bandpass,6,6
2763,3,bandstop,6,6
2764,4,allpass,2,2
2765,0,lowpass,8,8
2766,1,highpass,4,4
2767,2,bandpass,4,4
2768,3,bandstop,4,4
2769,4,allpass,2,2
2770,0,lowpass,2,2
2771,1,highpass,6,6
2772,2,bandpass,6,6
2773,3,bandstop,2,2
2774,4,allpass,4,4
2775,0,lowpass,6,6
2776,1,highpass,2,2
2777,2,bandpass,8,8
2778,3,bandstop,8,8
2779,4,allpass,2,2
2780,0,lowpass,8,8
2781,1,highpass,2,2
2782,2,bandpass,8,8
2783,3,bandstop,2,2
2784,4,allpass,6,6
2785,0,lowpass,8,8
2786,1,highpass,2,2
2787,2,bandpass,4,4
2788,3,bandstop,8,8
2789,4,allpass,2,2
2790,0,lowpass,4,4
2791,1,highpass,4,4
2792,2,bandpass,2,2
2793,3,bandstop,2,2
2794,4,allpass,4,4
2795,0,lowpass,4,4
2796,1,highpass,8,8
2797,2,bandpass,8,8
2798,3,bandstop,6,6
2799,4,allpass,4,4
2800,0,lowpass,8,8
2801,1,highpass,2,2
2802,2,bandpass,2,2
2803,3,bandstop,2,2
2804,4,allpass,2,2
2805,0,lowpass,6,6
2806,1,highpass,6,6
2807,2,bandpass,8,8
2808,3,bandstop,6,6
2809,4,allpass,4,4
2810,0,lowpass,2,2
2811,1,highpass,8,8
2812,2,bandpass,4,4
2813,3,bandstop,6,6
2814,4,allpass,8,8
2815,0,lowpass,4,4
2816,1,highpass,2,2
2817,2,bandpass,6,6
2818,3,bandstop,2,2
2819,4,allpass,4,4
2820,0,lowpass,6,6
2821,1,highpass,8,8
2822,2,bandpass,4,4
2823,3,bandstop,8,8
2824,4,allpass,4,4
2825,0,lowpass,2,2
2826,1,highpass,8,8
2827,2,bandpass,2,2
2828,3,bandstop,2,2
2829,4,allpass,2,2
2830,0,lowpass,2,2
2831,1,highpass,8,8
2832,2,bandpass,2,2
2833,3,bandstop,2,2
2834,4,allpass,6,6
2835,0,lowpass,6,6
2836,1,highpass,4,4
2837,2,bandpass,2,2
2838,3,bandstop,8,8
2839,4,allpass,2,2
2840,0,lowpass,2,2
2841,1,highpass,2,2
2842,2,bandpass,2,2
2843,3,bandstop,2,2
2844,4,allpass,8,8
2845,0,lowpass,2,2
2846,1,highpass,6,6
2847,2,bandpass,8,8
2848,3,bandstop,8,8
2849,4,allpass,2,2
2850,0,lowpass,4,4
2851,1,highpass,4,4
2852,2,bandpass,4,4
2853,3,bandstop,8,8
2854,4,allpass,4,4
2855,0,lowpass,8,8
2856,1,highpass,4,4
2857,2,bandpass,6,6
2858,3,bandstop,6,6
2859,4,allpass,4,4
2860,0,lowpass,8,8
2861,1,highpass,6,6
2862,2,bandpass,2,2
2863,3,bandstop,6,6
2864,4,allpass,8,8
2865,0,lowpass,6,6
2866,1,highpass,8,8
2867,2,bandpass,2,2
2868,3,bandstop,6,6
2869,4,allpass,8,8
2870,0,lowpass,4,4
2871,1,highpass,2,2
2872,2,bandpass,8,8
2873,3,bandstop,6,6
2874,4,allpass,4,4
2875,0,lowpass,6,6
2876,1,highpass,4,4
2877,2,bandpass,4,4
2878,3,bandstop,2,2
2879,4,allpass,8,8
2880,0,lowpass,2,2
2881,1,highpass,2,2
2882,2,bandpass,6,6
2883,3,bandstop,4,4
2884,4,allpass,2,2
2885,0,lowpass,2,2
2886,1,highpass,2,2
2887,2,bandpass,6,6
2888,3,bandstop,6,6
2889,4,allpass,2,2
2890,0,lowpass,2,2
2891,1,highpass,6,6
2892,2,bandpass,4,4
2893,3,bandstop,8,8
2894,4,allpass,8,8
2895,0,lowpass,2,2
2896,1,highpass,2,2
2897,2,bandpass,8,8
2898,3,bandstop,4,4
2899,4,allpass,2,2
2900,0,lowpass,8,8
2901,1,highpass,6,6
2902,2,bandpass,2,2
2903,3,bandstop,4,4
2904,4,allpass,4,4
2905,0,lowpass,2,2
2906,1,highpass,4,4
2907,2,bandpass,2,2
2908,3,bandstop,4,4
2909,4,allpass,2,2
2910,0,lowpass,4,4
2911,1,highpass,8,8
2912,2,bandpass,4,4
2913,3,bandstop,2,2
2914,4,allpass,6,6
2915,0,lowpass,6,6
2916,1,highpass,8,8
2917,2,bandpass,4,4
2918,3,bandstop,6,6
2919,4,allpass,6,6
2920,0,lowpass,8,8
2921,1,highpass,6,6
2922,2,bandpass,6,6
2923,3,bandstop,6,6
2924,4,allpass,4,4
2925,0,lowpass,4,4
2926,1,highpass,4,4
2927,2,bandpass,6,6
2928,3,bandstop,6,6
2929,4,allpass,4,4
2930,0,lowpass,2,2
2931,1,highpass,8,8
2932,2,bandpass,6,6
2933,3,bandstop,6,6
2934,4,allpass,8,8
2935,0,lowpass,4,4
2936,1,highpass,8,8
2937,2,bandpass,6,6
2938,3,bandstop,6,6
2939,4,allpass,8,8
2940,0,lowpass,2,2
2941,1,highpass,4,4
2942,2,bandpass,4,4
2943,3,bandstop,2,2
2944,4,allpass,2,2
2945,0,lowpass,2,2
2946,1,highpass,4,4
2947,2,bandpass,2,2
2948,3,bandstop,6,6
2949,4,allpass,4,4
2950,0,lowpass,2,2
2951,1,highpass,2,2
2952,2,bandpass,8,8
2953,3,bandstop,8,8
2954,4,allpass,4,4
2955,0,lowpass,4,4
2956,1,highpass,8,8
2957,2,bandpass,2,2
2958,3,bandstop,6,6
2959,4,allpass,4,4
2960,0,lowpass,6,6
2961,1,highpass,4,4
2962,2,bandpass,8,8
2963,3,bandstop,6,6
2964,4,allpass,6,6
2965,0,lowpass,2,2
2966,1,highpass,6,6
2967,2,bandpass,6,6
2968,3,bandstop,8,8
2969,4,allpass,2,2
2970,0,lowpass,4,4
2971,1,highpass,4,4
2972,2,bandpass,4,4
2973,3,bandstop,4,4
2974,4,allpass,2,2
2975,0,lowpass,2,2
2976,1,highpass,2,2
2977,2,bandpass,2,2
2978,3,bandstop,4,4
2979,4,allpass,6,6
2980,0,lowpass,6,6
2981,1,highpass,6,6
2982,2,bandpass,4,4
2983,3,bandstop,8,8
2984,4,allpass,6,6
2985,0,lowpass,8,8
2986,1,highpass,8,8
2987,2,bandpass,4,4
2988,3,bandstop,8,8
2989,4,allpass,4,4
2990,0,lowpass,6,6
2991,1,highpass,8,8
2992,2,bandpass,2,2
2993,3,bandstop,4,4
2994,4,allpass,2,2
2995,0,lowpass,8,8
2996,1,highpass,4,4
2997,2,bandpass,6,6
2998,3,bandstop,2,2
2999,4,allpass,8,8
3000,0,lowpass,6,6
3001,1,highpass,6,6
3002,2,bandpass,2,2
3003,3,bandstop,2,2
3004,4,allpass,6,6
3005,0,lowpass,6,6
3006,1,highpass,8,8
3007,2,bandpass,8,8
3008,3,bandstop,2,2
3009,4,allpass,4,4
3010,0,lowpass,6,6
3011,1,highpass,6,6
3012,2,bandpass,4,4
3013,3,bandstop,8,8
3014,4,allpass,8,8
3015,0,lowpass,2,2
3016,1,highpass,2,2
3017,2,bandpass,8,8
3018,3,bandstop,4,4
3019,4,allpass,2,2
3020,0,lowpass,2,2
3021,1,highpass,8,8
3022,2,bandpass,8,8
3023,3,bandstop,8,8
3024,4,allpass,2,2
3025,0,lowpass,8,8
3026,1,highpass,2,2
3027,2,bandpass,8,8
3028,3,bandstop,2,2
3029,4,allpass,2,2
3030,0,lowpass,6,6
3031,1,highpass,4,4
3032,2,bandpass,8,8
3033,3,bandstop,6,6
3034,4,allpass,6,6
3035,0,lowpass,8,8
3036,1,highpass,6,6
3037,2,bandpass,8,8
3038,3,bandstop,6,6
3039,4,allpass,4,4
3040,0,lowpass,4,4
3041,1,highpass,6,6
3042,2,bandpass,6,6
3043,3,bandstop,6,6
3044,4,allpass,8,8
3045,0,lowpass,4,4
3046,1,highpass,6,6
3047,2,bandpass,2,2
3048,3,bandstop,4,4
3049,4,allpass,4,4
3050,0,lowpass,2,2
3051,1,highpass,4,4
3052,2,bandpass,4,4
3053,3,bandstop,4,4
3054,4,allpass,4,4
3055,0,lowpass,8,8
3056,1,highpass,2,2
3057,2,bandpass,4,4
3058,3,bandstop,4,4
3059,4,allpass,2,2
3060,0,lowpass,6,6
3061,1,highpass,2,2
3062,2,bandpass,2,2
3063,3,bandstop,8,8
3064,4,allpass,2,2
3065,0,lowpass,4,4
3066,1,highpass,6,6
3067,2,bandpass,4,4
3068,3,bandstop,4,4
3069,4,allpass,2,2
3070,0,lowpass,4,4
3071,1,highpass,6,6
3072,2,bandpass,4,4
3073,3,bandstop,8,8
3074,4,allpass,4,4
3075,0,lowpass,6,6
3076,1,highpass,6,6
3077,2,bandpass,2,2
3078,3,bandstop,2,2
3079,4,allpass,8,8
3080,0,lowpass,8,8
3081,1,highpass,4,4
3082,2,bandpass,2,2
3083,3,bandstop,8,8
3084,4,allpass,8,8
3085,0,lowpass,6,6
3086,1,highpass,4,4
3087,2,bandpass,4,4
3088,3,bandstop,2,2
3089,4,allpass,8,8
3090,0,lowpass,6,6
3091,1,highpass,2,2
3092,2,bandpass,2,2
3093,3,bandstop,6,6
3094,4,allpass,8,8
3095,0,lowpass,6,6
3096,1,highpass,2,2
3097,2,bandpass,6,6
3098,3,bandstop,8,8
3099,4,allpass,2,2
3100,0,lowpass,2,2
3101,1,highpass,4,4
3102,2,bandpass,6,6
3103,3,bandstop,8,8
3104,4,allpass,2,2
3105,0,lowpass,6,6
3106,1,highpass,8,8
3107,2,bandpass,8,8
3108,3,bandstop,6,6
3109,4,allpass,8,8
3110,0,lowpass,2,2
3111,1,highpass,8,8
3112,2,bandpass,4,4
3113,3,bandstop,8,8
3114,4,allpass,2,2
3115,0,lowpass,4,4
3116,1,highpass,2,2
3117,2,bandpass,8,8
3118,3,bandstop,2,2
3119,4,allpass,6,6
3120,0,lowpass,4,4
3121,1,highpass,8,8
3122,2,bandpass,6,6
3123,3,bandstop,4,4
3124,4,allpass,8,8
3125,0,lowpass,8,8
3126,1,highpass,2,2
3127,2,bandpass,2,2
3128,3,bandstop,8,8
3129,4,allpass,8,8
3130,0,lowpass,8,8
3131,1,highpass,4,4
3132,2,bandpass,8,8
3133,3,bandstop,4,4
3134,4,allpass,8,8
3135,0,lowpass,6,6
3136,1,highpass,4,4
3137,2,bandpass,2,2
3138,3,bandstop,8,8
3139,4,allpass,2,2
3140,0,lowpass,8,8
3141,1,highpass,4,4
3142,2,bandpass,8,8
3143,3,bandstop,6,6
3144,4,allpass,6,6
3145,0,lowpass,6,6
3146,1,highpass,6,6
3147,2,bandpass,8,8
3148,3,bandstop,6,6
3149,4,allpass,8,8
3150,0,lowpass,8,8
3151,1,highpass,8,8
3152,2,bandpass,2,2
3153,3,bandstop,6,6
3154,4,allpass,8,8
3155,0,lowpass,4,4
3156,1,highpass,2,2
3157,2,bandpass,4,4
3158,3,bandstop,4,4
3159,4,allpass,8,8
3160,0,lowpass,6,6
3161,1,highpass,6,6
3162,2,bandpass,4,4
3163,3,bandstop,6,6
3164,4,allpass,6,6
3165,0,lowpass,2,2
3166,1,highpass,8,8
3167,2,bandpass,8,8
3168,3,bandstop,8,8
3169,4,allpass,2,2
3170,0,lowpass,4,4
3171,1,highpass,4,4
3172,2,bandpass,2,2
3173,3,bandstop,4,4
3174,4,allpass,4,4
3175,0,lowpass,4,4
3176,1,highpass,8,8
3177,2,bandpass,6,6
3178,3,bandstop,6,6
3179,4,allpass,2,2
3180,0,lowpass,4,4
3181,1,highpass,8,8
3182,2,bandpass,4,4
3183,3,bandstop,8,8
3184,4,allpass,4,4
3185,0,lowpass,4,4
3186,1,highpass,2,2
3187,2,bandpass,4,4
3188,3,bandstop,2,2
3189,4,allpass,2,2
3190,0,lowpass,2,2
3191,1,highpass,6,6
3192,2,bandpass,4,4
3193,3,bandstop,6,6
3194,4,allpass,6,6
3195,0,lowpass,8,8
3196,1,highpass,6,6
3197,2,bandpass,4,4
3198,3,bandstop,2,2
3199,4,allpass,4,4
3200,0,lowpass,4,4
3201,1,highpass,4,4
3202,2,bandpass,8,8
3203,3,bandstop,6,6
3204,4,allpass,8,8
3205,0,lowpass,2,2
3206,1,highpass,2,2
3207,2,bandpass,4,4
3208,3,bandstop,2,2
3209,4,allpass,8,8
3210,0,lowpass,2,2
3211,1,highpass,4,4
3212,2,bandpass,2,2
3213,3,bandstop,8,8
3214,4,allpass,4,4
3215,0,lowpass,2,2
3216,1,highpass,4,4
3217,2,bandpass,4,4
3218,3,bandstop,6,6
3219,4,allpass,4,4
3220,0,lowpass,6,6
3221,1,highpass,2,2
3222,2,bandpass,6,6
3223,3,bandstop,2,2
3224,4,allpass,4,4
3225,0,lowpass,2,2
3226,1,highpass,8,8
3227,2,bandpass,6,6
3228,3,bandstop,8,8
3229,4,allpass,6,6
3230,0,lowpass,4,4
3231,1,highpass,6,6
3232,2,bandpass,6,6
3233,3,bandstop,4,4
3234,4,allpass,4,4
3235,0,lowpass,6,6
3236,1,highpass,2,2
3237,2,bandpass,4,4
3238,3,bandstop,8,8
3239,4,allpass,2,2
3240,0,lowpass,2,2
3241,1,highpass,4,4
3242,2,bandpass,6,6
3243,3,bandstop,6,6
3244,4,allpass,4,4
3245,0,lowpass,4,4
3246,1,highpass,4,4
3247,2,bandpass,2,2
3248,3,bandstop,8,8
3249,4,allpass,8,8
3250,0,lowpass,8,8
3251,1,highpass,4,4
3252,2,bandpass,8,8
3253,3,bandstop,6,6
3254,4,allpass,4,4
3255,0,lowpass,6,6
3256,1,highpass,2,2
3257,2,bandpass,2,2
3258,3,bandstop,2,2
3259,4,allpass,4,4
3260,0,lowpass,4,4
3261,1,highpass,4,4
3262,2,bandpass,4,4
3263,3,bandstop,4,4
3264,4,allpass,4,4
3265,0,lowpass,4,4
3266,1,highpass,6,6
3267,2,bandpass,2,2
3268,3,bandstop,4,4
3269,4,allpass,6,6
3270,0,lowpass,2,2
3271,1,highpass,4,4
3272,2,bandpass,2,2
3273,3,bandstop,4,4
3274,4,allpass,6,6
3275,0,lowpass,6,6
3276,1,highpass,4,4
3277,2,bandpass,6,6
3278,3,bandstop,2,2
3279,4,allpass,4,4
3280,0,lowpass,8,8
3281,1,highpass,2,2
3282,2,bandpass,8,8
3283,3,bandstop,6,6
3284,4,allpass,2,2
3285,0,lowpass,6,6
3286,1,highpass,2,2
3287,2,bandpass,8,8
3288,3,bandstop,6,6
3289,4,allpass,4,4
3290,0,lowpass,8,8
3291,1,highpass,2,2
3292,2,bandpass,8,8
3293,3,bandstop,2,2
3294,4,allpass,6,6
3295,0,lowpass,8,8
3296,1,highpass,8,8
3297,2,bandpass,6,6
3298,3,bandstop,4,4
3299,4,allpass,2,2
3300,0,lowpass,8,8
3301,1,highpass,2,2
3302,2,bandpass,8,8
3303,3,bandstop,2,2
3304,4,allpass,6,6
3305,0,lowpass,8,8
3306,1,highpass,8,8
3307,2,bandpass,4,4
3308,3,bandstop,8,8
3309,4,allpass,6,6
3310,0,lowpass,8,8
3311,1,highpass,8,8
3312,2,bandpass,2,2
3313,3,bandstop,6,6
3314,4,allpass,6,6
3315,0,lowpass,8,8
3316,1,highpass,6,6
3317,2,bandpass,8,8
3318,3,bandstop,2,2
3319,4,allpass,4,4
3320,0,lowpass,8,8
3321,1,highpass,2,2
3322,2,bandpass,4,4
3323,3,bandstop,8,8
3324,4,allpass,6,6
3325,0,lowpass,4,4
3326,1,highpass,4,4
3327,2,bandpass,2,2
3328,3,bandstop,4,4
3329,4,allpass,2,2
3330,0,lowpass,4,4
3331,1,highpass,8,8
3332,2,bandpass,6,6
3333,3,bandstop,2,2
3334,4,allpass,8,8
3335,0,lowpass,8,8
3336,1,highpass,2,2
3337,2,bandpass,6,6
3338,3,bandstop,2,2
3339,4,allpass,8,8
3340,0,lowpass,2,2
3341,1,highpass,2,2
3342,2,bandpass,6,6
3343,3,bandstop,4,4
3344,4,allpass,6,6
3345,0,lowpass,2,2
3346,1,highpass,4,4
3347,2,bandpass,8,8
3348,3,bandstop,6,6
3349,4,allpass,2,2
3350,0,lowpass,8,8
3351,1,highpass,8,8
3352,2,bandpass,8,8
3353,3,bandstop,8,8
3354,4,allpass,8,8
3355,0,lowpass,2,2
3356,1,highpass,2,2
3357,2,bandpass,6,6
3358,3,bandstop,6,6
3359,4,allpass,4,4
3360,0,lowpass,4,4
3361,1,highpass,2,2
3362,2,bandpass,4,4
3363,3,bandstop,6,6
3364,4,allpass,2,2
3365,0,lowpass,4,4
3366,1,highpass,4,4
3367,2,bandpass,4,4
3368,3,bandstop,8,8
3369,4,allpass,6,6
3370,0,lowpass,4,4
3371,1,highpass,6,6
3372,2,bandpass,2,2
3373,3,bandstop,8,8
3374,4,allpass,2,2
3375,0,lowpass,4,4
3376,1,highpass,8,8
3377,2,bandpass,4,4
3378,3,bandstop,4,4
3379,4,allpass,4,4
3380,0,lowpass,8,8
3381,1,highpass,8,8
3382,2,bandpass,8,8
3383,3,bandstop,6,6
3384,4,allpass,8,8
3385,0,lowpass,2,2
3386,1,highpass,8,8
3387,2,bandpass,8,8
3388,3,bandstop,2,2
3389,4,allpass,4,4
3390,0,lowpass,6,6
3391,1,highpass,6,6
3392,2,bandpass,2,2
3393,3,bandstop,4,4
3394,4,allpass,4,4
3395,0,lowpass,8,8
3396,1,highpass,6,6
3397,2,bandpass,8,8
3398,3,bandstop,8,8
3399,4,allpass,2,2
3400,0,lowpass,6,6
3401,1,highpass,6,6
3402,2,bandpass,6,6
3403,3,bandstop,2,2
3404,4,allpass,4,4
3405,0,lowpass,2,2
3406,1,highpass,8,8
3407,2,bandpass,8,8
3408,3,bandstop,6,6
3409,4,allpass,2,2
3410,0,lowpass,6,6
3411,1,highpass,8,8
3412,2,bandpass,6,6
3413,3,bandstop,2,2
3414,4,allpass,6,6
3415,0,lowpass,2,2
3416,1,highpass,2,2
3417,2,bandpass,8,8
3418,3,bandstop,2,2
3419,4,allpass,8,8
3420,0,lowpass,6,6
3421,1,highpass,4,4
3422,2,bandpass,4,4
3423,3,bandstop,2,2
3424,4,allpass,6,6
3425,0,lowpass,6,6
3426,1,highpass,4,4
3427,2,bandpass,6,6
3428,3,bandstop,6,6
3429,4,allpass,6,6
3430,0,lowpass,2,2
3431,1,highpass,4,4
3432,2,bandpass,6,6
3433,3,bandstop,4,4
3434,4,allpass,6,6
3435,0,lowpass,4,4
3436,1,highpass,2,2
3437,2,bandpass,2,2
3438,3,bandstop,8,8
3439,4,allpass,2,2
3440,0,lowpass,6,6
3441,1,highpass,6,6
3442,2,bandpass,2,2
3443,3,bandstop,8,8
3444,4,allpass,2,2
3445,0,lowpass,6,6
3446,1,highpass,2,2
3447,2,bandpass,4,4
3448,3,bandstop,4,4
3449,4,allpass,4,4
3450,0,lowpass,4,4
3451,1,highpass,2,2
3452,2,bandpass,2,2
3453,3,bandstop,4,4
3454,4,allpass,4,4
3455,0,lowpass,6,6
3456,1,highpass,2,2
3457,2,bandpass,8,8
3458,3,bandstop,2,2
3459,4,allpass,2,2
3460,0,lowpass,4,4
3461,1,highpass,8,8
3462,2,bandpass,8,8
3463,3,bandstop,2,2
3464,4,allpass,2,2
3465,0,lowpass,8,8
3466,1,highpass,6,6
3467,2,bandpass,4,4
3468,3,bandstop,2,2
3469,4,allpass,4,4
3470,0,lowpass,6,6
3471,1,highpass,6,6
3472,2,bandpass,2,2
3473,3,bandstop,6,6
3474,4,allpass,8,8
3475,0,lowpass,4,4
3476,1,highpass,6,6
3477,2,bandpass,6,6
3478,3,bandstop,2,2
3479,4,allpass,4,4
3480,0,lowpass,8,8
3481,1,highpass,8,8
3482,2,bandpass,6,6
3483,3,bandstop,4,4
3484,4,allpass,6,6
3485,0,lowpass,2,2
3486,1,highpass,8,8
3487,2,bandpass,8,8
3488,3,bandstop,8,8
3489,4,allpass,4,4
3490,0,lowpass,8,8
3491,1,highpass,8,8
3492,2,bandpass,2,2
3493,3,bandstop,2,2
3494,4,allpass,8,8
3495,0,lowpass,6,6
3496,1,highpass,2,2
3497,2,bandpass,6,6
3498,3,bandstop,6,6
3499,4,allpass,8,8
3500,0,lowpass,6,6
3501,1,highpass,6,6
3502,2,bandpass,6,6
3503,3,bandstop,4,4
3504,4,allpass,2,2
3505,0,lowpass,8,8
3506,1,highpass,6,6
3507,2,bandpass,8,8
3508,3,bandstop,2,2
3509,4,allpass,4,4
3510,0,lowpass,2,2
3511,1,highpass,4,4
3512,2,bandpass,4,4
3513,3,bandstop,4,4
3514,4,allpass,6,6
3515,0,lowpass,4,4
3516,1,highpass,2,2
3517,2,bandpass,6,6
3518,3,bandstop,2,2
3519,4,allpass,6,6
3520,0,lowpass,4,4
3521,1,highpass,2,2
3522,2,bandpass,6,6
3523,3,bandstop,4,4
3524,4,allpass,8,8
3525,0,lowpass,2,2
3526,1,highpass,8,8
3527,2,bandpass,2,2
3528,3,bandstop,4,4
3529,4,allpass,4,4
3530,0,lowpass,4,4
3531,1,highpass,8,8
3532,2,bandpass,6,6
3533,3,bandstop,6,6
3534,4,allpass,4,4
3535,0,lowpass,8,8
3536,1,highpass,2,2
3537,2,bandpass,4,4
3538,3,bandstop,4,4
3539,4,allpass,8,8
3540,0,lowpass,4,4
3541,1,highpass,2,2
3542,2,bandpass,8,8
3543,3,bandstop,4,4
3544,4,allpass,2,2
3545,0,lowpass,4,4
3546,1,highpass,8,8
3547,2,bandpass,8,8
3548,3,bandstop,8,8
3549,4,allpass,4,4
3550,0,lowpass,2,2
3551,1,highpass,8,8
3552,2,bandpass,2,2
3553,3,bandstop,6,6
3554,4,allpass,6,6
3555,0,lowpass,6,6
3556,1,highpass,2,2
3557,2,bandpass,6,6
3558,3,bandstop,6,6
3559,4,allpass,6,6
3560,0,lowpass,2,2
3561,1,highpass,6,6
3562,2,bandpass,6,6
3563,3,bandstop,8,8
3564,4,allpass,2,2
3565,0,lowpass,8,8
3566,1,highpass,4,4
3567,2,bandpass,6,6
3568,3,bandstop,6,6
3569,4,allpass,2,2
3570,0,lowpass,8,8
3571,1,highpass,2,2
3572,2,bandpass,4,4
3573,3,bandstop,6,6
3574,4,allpass,6,6
3575,0,lowpass,8,8
3576,1,highpass,6,6
3577,2,bandpass,6,6
3578,3,bandstop,4,4
3579,4,allpass,2,2
3580,0,lowpass,2,2
3581,1,highpass,8,8
3582,2,bandpass,6,6
3583,3,bandstop,4,4
3584,4,allpass,8,8
3585,0,lowpass,2,2
3586,1,highpass,6,6
3587,2,bandpass,2,2
3588,3,bandstop,4,4
3589,4,allpass,2,2
3590,0,lowpass,8,8
3591,1,highpass,6,6
3592,2,bandpass,6,6
3593,3,bandstop,6,6
3594,4,allpass,6,6
3595,0,lowpass,8,8
3596,1,highpass,8,8
3597,2,bandpass,8,8
3598,3,bandstop,8,8
3599,4,allpass,2,2
3600,0,lowpass,8,8
3601,1,highpass,8,8
3602,2,bandpass,2,2
3603,3,bandstop,6,6
3604,4,allpass,4,4
3605,0,lowpass,6,6
3606,1,highpass,6,6
3607,2,bandpass,6,6
3608,3,bandstop,2,2
3609,4,allpass,8,8
3610,0,lowpass,6,6
3611,1,highpass,6,6
3612,2,bandpass,6,6
3613,3,bandstop,2,2
3614,4,allpass,2,2
3615,0,lowpass,6,6
3616,1,highpass,4,4
3617,2,bandpass,6,6
3618,3,bandstop,4,4
3619,4,allpass,8,8
3620,0,lowpass,2,2
3621,1,highpass,8,8
3622,2,bandpass,6,6
3623,3,bandstop,2,2
3624,4,allpass,8,8
3625,0,lowpass,8,8
3626,1,highpass,4,4
3627,2,bandpass,6,6
3628,3,bandstop,8,8
3629,4,allpass,8,8
3630,0,lowpass,8,8
3631,1,highpass,8,8
3632,2,bandpass,2,2
3633,3,bandstop,2,2
3634,4,allpass,4,4
3635,0,lowpass,4,4
3636,1,highpass,6,6
3637,2,bandpass,2,2
3638,3,bandstop,6,6
3639,4,allpass,2,2
3640,0,lowpass,2,2
3641,1,highpass,2,2
3642,2,bandpass,2,2
3643,3,bandstop,4,4
3644,4,allpass,4,4
3645,0,lowpass,6,6
3646,1,highpass,6,6
3647,2,bandpass,2,2
3648,3,bandstop,6,6
3649,4,allpass,8,8
3650,0,lowpass,8,8
3651,1,highpass,2,2
3652,2,bandpass,2,2
3653,3,bandstop,2,2
3654,4,allpass,2,2
3655,0,lowpass,6,6
3656,1,highpass,2,2
3657,2,bandpass,8,8
3658,3,bandstop,4,4
3659,4,allpass,2,2
3660,0,lowpass,4,4
3661,1,highpass,4,4
3662,2,bandpass,8,8
3663,3,bandstop,6,6
3664,4,allpass,8,8
3665,0,lowpass,6,6
3666,1,highpass,4,4
3667,2,bandpass,4,4
3668,3,bandstop,8,8
3669,4,allpass,6,6
3670,0,lowpass,6,6
3671,1,highpass,4,4
3672,2,bandpass,6,6
3673,3,bandstop,4,4
3674,4,allpass,8,8
3675,0,lowpass,8,8
3676,1,highpass,4,4
3677,2,bandpass,6,6
3678,3,bandstop,8,8
3679,4,allpass,4,4
3680,0,lowpass,4,4
3681,1,highpass,6,6
3682,2,bandpass,8,8
3683,3,bandstop,2,2
3684,4,allpass,2,2
3685,0,lowpass,4,4
3686,1,highpass,6,6
3687,2,bandpass,2,2
3688,3,bandstop,6,6
3689,4,allpass,6,6
3690,0,lowpass,8,8
3691,1,highpass,4,4
3692,2,bandpass,6,6
3693,3,bandstop,4,4
3694,4,allpass,4,4
3695,0,lowpass,2,2
3696,1,highpass,2,2
3697,2,bandpass,2,2
3698,3,bandstop,6,6
3699,4,allpass,8,8
3700,0,lowpass,2,2
3701,1,highpass,2,2
3702,2,bandpass,8,8
3703,3,bandstop,2,2
3704,4,allpass,8,8
3705,0,lowpass,8,8
3706,1,highpass,4,4
3707,2,bandpass,6,6
3708,3,bandstop,6,6
3709,4,allpass,2,2
3710,0,lowpass,6,6
3711,1,highpass,6,6
3712,2,bandpass,2,2
3713,3,bandstop,4,4
3714,4,allpass,2,2
3715,0,lowpass,2,2
3716,1,highpass,6,6
3717,2,bandpass,6,6
3718,3,bandstop,2,2
3719,4,allpass,2,2
3720,0,lowpass,8,8
3721,1,highpass,4,4
3722,2,bandpass,6,6
3723,3,bandstop,8,8
3724,4,allpass,4,4
3725,0,lowpass,4,4
3726,1,highpass,2,2
3727,2,bandpass,4,4
3728,3,bandstop,2,2
3729,4,allpass,6,6
3730,0,lowpass,6,6
3731,1,highpass,4,4
3732,2,bandpass,2,2
3733,3,bandstop,6,6
3734,4,allpass,2,2
3735,0,lowpass,2,2
3736,1,highpass,8,8
3737,2,bandpass,2,2
3738,3,bandstop,2,2
3739,4,allpass,4,4
3740,0,lowpass,2,2
3741,1,highpass,6,6
3742,2,bandpass,4,4
3743,3,bandstop,4,4
3744,4,allpass,8,8
3745,0,lowpass,6,6
3746,1,highpass,2,2
3747,2,bandpass,4,4
3748,3,bandstop,6,6
3749,4,allpass,6,6
3750,0,lowpass,6,6
3751,1,highpass,4,4
3752,2,bandpass,6,6
3753,3,bandstop,8,8
3754,4,allpass,4,4
3755,0,lowpass,8,8
3756,1,highpass,4,4
3757,2,bandpass,4,4
3758,3,bandstop,4,4
3759,4,allpass,8,8
3760,0,lowpass,6,6
3761,1,highpass,4,4
3762,2,bandpass,2,2
3763,3,bandstop,2,2
3764,4,allpass,4,4
3765,0,lowpass,4,4
3766,1,highpass,2,2
3767,2,bandpass,6,6
3768,3,bandstop,8,8
3769,4,allpass,4,4
3770,0,lowpass,8,8
3771,1,highpass,4,4
3772,2,bandpass,8,8
3773,3,bandstop,2,2
3774,4,allpass,8,8
3775,0,lowpass,2,2
3776,1,highpass,8,8
3777,2,bandpass,8,8
3778,3,bandstop,4,4
3779,4,allpass,4,4
3780,0,lowpass,6,6
3781,1,highpass,2,2
3782,2,bandpass,8,8
3783,3,bandstop,4,4
3784,4,allpass,4,4
3785,0,lowpass,2,2
3786,1,highpass,2,2
3787,2,bandpass,8,8
3788,3,bandstop,8,8
3789,4,allpass,2,2
3790,0,lowpass,8,8
3791,1,highpass,6,6
3792,2,bandpass,6,6
3793,3,bandstop,8,8
3794,4,allpass,2,2
3795,0,lowpass,6,6
3796,1,highpass,6,6
3797,2,bandpass,8,8
3798,3,bandstop,4,4
3799,4,allpass,2,2
3800,0,lowpass,2,2
3801,1,highpass,6,6
3802,2,bandpass,2,2
3803,3,bandstop,2,2
3804,4,allpass,2,2
3805,0,lowpass,4,4
3806,1,highpass,4,4
3807,2,bandpass,4,4
3808,3,bandstop,4,4
3809,4,allpass,4,4
3810,0,lowpass,6,6
3811,1,highpass,2,2
3812,2,bandpass,2,2
3813,3,bandstop,6,6
3814,4,allpass,8,8
3815,0,lowpass,6,6
3816,1,highpass,4,4
3817,2,bandpass,6,6
3818,3,bandstop,2,2
3819,4,allpass,8,8
3820,0,lowpass,2,2
3821,1,highpass,2,2
3822,2,bandpass,4,4
3823,3,bandstop,4,4
3824,4,allpass,2,2
3825,0,lowpass,2,2
3826,1,highpass,2,2
3827,2,bandpass,4,4
3828,3,bandstop,6,6
3829,4,allpass,6,6
3830,0,lowpass,6,6
3831,1,highpass,6,6
3832,2,bandpass,8,8
3833,3,bandstop,8,8
3834,4,allpass,6,6
3835,0,lowpass,2,2
3836,1,highpass,6,6
3837,2,bandpass,8,8
3838,3,bandstop,6,6
3839,4,allpass,2,2
3840,0,lowpass,6,6
3841,1,highpass,4,4
3842,2,bandpass,2,2
3843,3,bandstop,6,6
3844,4,allpass,2,2
3845,0,lowpass,6,6
3846,1,highpass,4,4
3847,2,bandpass,8,8
3848,3,bandstop,4,4
3849,4,allpass,2,2
3850,0,lowpass,6,6
3851,1,highpass,8,8
3852,2,bandpass,2,2
3853,3,bandstop,8,8
3854,4,allpass,4,4
3855,0,lowpass,8,8
3856,1,highpass,8,8
3857,2,bandpass,2,2
3858,3,bandstop,4,4
3859,4,allpass,8,8
3860,0,lowpass,8,8
3861,1,highpass,4,4
3862,2,bandpass,6,6
3863,3,bandstop,2,2
3864,4,allpass,2,2
3865,0,lowpass,8,8
3866,1,highpass,2,2
3867,2,bandpass,2,2
3868,3,bandstop,8,8
3869,4,allpass,4,4
3870,0,lowpass,4,4
3871,1,highpass,8,8
3872,2,bandpass,6,6
3873,3,bandstop,8,8
3874,4,allpass,6,6
3875,0,lowpass,2,2
3876,1,highpass,4,4
3877,2,bandpass,2,2
3878,3,bandstop,4,4
3879,4,allpass,4,4
3880,0,lowpass,4,4
3881,1,highpass,4,4
3882,2,bandpass,8,8
3883,3,bandstop,8,8
3884,4,allpass,4,4
3885,0,lowpass,6,6
3886,1,highpass,8,8
3887,2,bandpass,6,6
3888,3,bandstop,4,4
3889,4,allpass,2,2
3890,0,lowpass,8,8
3891,1,highpass,2,2
3892,2,bandpass,6,6
3893,3,bandstop,2,2
3894,4,allpass,4,4
3895,0,lowpass,8,8
3896,1,highpass,4,4
3897,2,bandpass,6,6
3898,3,bandstop,4,4
3899,4,allpass,4,4
3900,0,lowpass,6,6
3901,1,highpass,6,6
3902,2,bandpass,6,6
3903,3,bandstop,2,2
3904,4,allpass,8,8
3905,0,lowpass,4,4
3906,1,highpass,8,8
3907,2,bandpass,8,8
3908,3,bandstop,8,8
3909,4,allpass,4,4
3910,0,lowpass,6,6
3911,1,highpass,8,8
3912,2,bandpass,8,8
3913,3,bandstop,6,6
3914,4,allpass,8,8
3915,0,lowpass,2,2
3916,1,highpass,4,4
3917,2,bandpass,6,6
3918,3,bandstop,4,4
3919,4,allpass,4,4
3920,0,lowpass,2,2
3921,1,highpass,6,6
3922,2,bandpass,4,4
3923,3,bandstop,4,4
3924,4,allpass,8,8
3925,0,lowpass,2,2
3926,1,highpass,4,4
3927,2,bandpass,8,8
3928,3,bandstop,4,4
3929,4,allpass,6,6
3930,0,lowpass,2,2
3931,1,highpass,4,4
3932,2,bandpass,4,4
3933,3,bandstop,6,6
3934,4,allpass,4,4
3935,0,lowpass,8,8
3936,1,highpass,4,4
3937,2,bandpass,2,2
3938,3,bandstop,4,4
3939,4,allpass,8,8
3940,0,lowpass,8,8
3941,1,highpass,8,8
3942,2,bandpass,8,8
3943,3,bandstop,4,4
3944,4,allpass,4,4
3945,0,lowpass,2,2
3946,1,highpass,8,8
3947,2,bandpass,6,6
3948,3,bandstop,8,8
3949,4,allpass,4,4
3950,0,lowpass,4,4
3951,1,highpass,2,2
3952,2,bandpass,4,4
3953,3,bandstop,8,8
3954,4,allpass,4,4
3955,0,lowpass,6,6
3956,1,highpass,8,8
3957,2,bandpass,6,6
3958,3,bandstop,8,8
3959,4,allpass,2,2
3960,0,lowpass,8,8
3961,1,highpass,2,2
3962,2,bandpass,8,8
3963,3,bandstop,2,2
3964,4,allpass,8,8
3965,0,lowpass,8,8
3966,1,highpass,2,2
3967,2,bandpass,8,8
3968,3,bandstop,8,8
3969,4,allpass,6,6
3970,0,lowpass,2,2
3971,1,highpass,2,2
3972,2,bandpass,8,8
3973,3,bandstop,8,8
3974,4,allpass,4,4
3975,0,lowpass,4,4
3976,1,highpass,8,8
3977,2,bandpass,8,8
3978,3,bandstop,6,6
3979,4,allpass,4,4
3980,0,lowpass,4,4
3981,1,highpass,8,8
3982,2,bandpass,2,2
3983,3,bandstop,6,6
3984,4,allpass,6,6
3985,0,lowpass,8,8
3986,1,highpass,8,8
3987,2,bandpass,6,6
3988,3,bandstop,2,2
3989,4,allpass,8,8
3990,0,lowpass,4,4
3991,1,highpass,6,6
3992,2,bandpass,8,8
3993,3,bandstop,2,2
3994,4,allpass,2,2
3995,0,lowpass,6,6
3996,1,highpass,2,2
3997,2,bandpass,4,4
3998,3,bandstop,8,8
3999,4,allpass,4,4
4000,0,lowpass,6,6
4001,1,highpass,4,4
4002,2,bandpass,6,6
4003,3,bandstop,8,8
4004,4,allpass,8,8
4005,0,lowpass,2,2
4006,1,highpass,6,6
4007,2,bandpass,2,2
4008,3,bandstop,4,4
4009,4,allpass,4,4
4010,0,lowpass,2,2
4011,1,highpass,6,6
4012,2,bandpass,8,8
4013,3,bandstop,4,4
4014,4,allpass,4,4
4015,0,lowpass,8,8
4016,1,highpass,6,6
4017,2,bandpass,2,2
4018,3,bandstop,2,2
4019,4,allpass,6,6
4020,0,lowpass,6,6
4021,1,highpass,2,2
4022,2,bandpass,8,8
4023,3,bandstop,8,8
4024,4,allpass,8,8
4025,0,lowpass,6,6
4026,1,highpass,2,2
4027,2,bandpass,4,4
4028,3,bandstop,6,6
4029,4,allpass,8,8
4030,0,lowpass,6,6
4031,1,highpass,4,4
4032,2,bandpass,2,2
4033,3,bandstop,2,2
4034,4,allpass,2,2
4035,0,lowpass,8,8
4036,1,highpass,2,2
4037,2,bandpass,4,4
4038,3,bandstop,4,4
4039,4,allpass,6,6
4040,0,lowpass,8,8
4041,1,highpass,6,6
4042,2,bandpass,4,4
4043,3,bandstop,4,4
4044,4,allpass,4,4
4045,0,lowpass,4,4
4046,1,highpass,4,4
4047,2,bandpass,4,4
4048,3,bandstop,4,4
4049,4,allpass,2,2
4050,0,lowpass,2,2
4051,1,highpass,2,2
4052,2,bandpass,4,4
4053,3,bandstop,6,6
4054,4,allpass,2,2
4055,0,lowpass,4,4
4056,1,highpass,2,2
4057,2,bandpass,4,4
4058,3,bandstop,6,6
4059,4,allpass,4,4
4060,0,lowpass,8,8
4061,1,highpass,8,8
4062,2,bandpass,8,8
4063,3,bandstop,4,4
4064,4,allpass,8,8
4065,0,lowpass,6,6
4066,1,highpass,2,2
4067,2,bandpass,4,4
4068,3,bandstop,2,2
4069,4,allpass,6,6
4070,0,lowpass,4,4
4071,1,highpass,4,4
4072,2,bandpass,2,2
4073,3,bandstop,8,8
4074,4,allpass,8,8
4075,0,lowpass,8,8
4076,1,highpass,8,8
4077,2,bandpass,4,4
4078,3,bandstop,6,6
4079,4,allpass,6,6
4080,0,lowpass,4,4
4081,1,highpass,6,6
4082,2,bandpass,6,6
4083,3,bandstop,2,2
4084,4,allpass,2,2
4085,0,lowpass,4,4
4086,1,highpass,8,8
4087,2,bandpass,4,4
4088,3,bandstop,8,8
4089,4,allpass,4,4
4090,0,lowpass,8,8
4091,1,highpass,8,8
4092,2,bandpass,4,4
4093,3,bandstop,8,8
4094,4,allpass,6,6
4095,0,lowpass,2,2
4096,1,highpass,2,2
4097,2,bandpass,2,2
4098,3,bandstop,2,2
4099,4,allpass,4,4
4100,0,lowpass,6,6
4101,1,highpass,4,4
4102,2,bandpass,2,2
4103,3,bandstop,2,2
4104,4,allpass,4,4
4105,0,lowpass,8,8
4106,1,highpass,4,4
4107,2,bandpass,2,2
4108,3,bandstop,8,8
4109,4,allpass,8,8
4110,0,lowpass,8,8
4111,1,highpass,2,2
4112,2,bandpass,8,8
4113,3,bandstop,4,4
4114,4,allpass,4,4
4115,0,lowpass,8,8
4116,1,highpass,6,6
4117,2,bandpass,2,2
4118,3,bandstop,4,4
4119,4,allpass,6,6
4120,0,lowpass,8,8
4121,1,highpass,8,8
4122,2,bandpass,2,2
4123,3,bandstop,2,2
4124,4,allpass,2,2
4125,0,lowpass,4,4
4126,1,highpass,6,6
4127,2,bandpass,6,6
4128,3,bandstop,6,6
4129,4,allpass,2,2
4130,0,lowpass,8,8
4131,1,highpass,6,6
4132,2,bandpass,2,2
4133,3,bandstop,4,4
4134,4,allpass,4,4
4135,0,lowpass,4,4
4136,1,highpass,4,4
4137,2,bandpass,4,4
4138,3,bandstop,2,2
4139,4,allpass,2,2
4140,0,lowpass,8,8
4141,1,highpass,4,4
4142,2,bandpass,2,2
4143,3,bandstop,2,2
4144,4,allpass,8,8
4145,0,lowpass,4,4
4146,1,highpass,2,2
4147,2,bandpass,6,6
4148,3,bandstop,4,4
4149,4,allpass,4,4
4150,0,lowpass,2,2
4151,1,highpass,8,8
4152,2,bandpass,8,8
4153,3,bandstop,6,6
4154,4,allpass,8,8
4155,0,lowpass,8,8
4156,1,highpass,2,2
4157,2,bandpass,4,4
4158,3,bandstop,8,8
4159,4,allpass,8,8
4160,0,lowpass,6,6
4161,1,highpass,6,6
4162,2,bandpass,8,8
4163,3,bandstop,2,2
4164,4,allpass,6,6
4165,0,lowpass,6,6
4166,1,highpass,4,4
4167,2,bandpass,4,4
4168,3,bandstop,8,8
4169,4,allpass,4,4
4170,0,lowpass,6,6
4171,1,highpass,4,4
4172,2,bandpass,8,8
4173,3,bandstop,8,8
4174,4,allpass,4,4
4175,0,lowpass,8,8
4176,1,highpass,2,2
4177,2,bandpass,6,6
4178,3,bandstop,4,4
4179,4,allpass,4,4
4180,0,lowpass,8,8
4181,1,highpass,6,6
4182,2,bandpass,8,8
4183,3,bandstop,4,4
4184,4,allpass,2,2
4185,0,lowpass,6,6
4186,1,highpass,8,8
4187,2,bandpass,8,8
4188,3,bandstop,8,8
4189,4,allpass,6,6
4190,0,lowpass,8,8
4191,1,highpass,8,8
4192,2,bandpass,6,6
4193,3,bandstop,6,6
4194,4,allpass,2,2
4195,0,lowpass,2,2
4196,1,highpass,8,8
4197,2,bandpass,8,8
4198,3,bandstop,8,8
4199,4,allpass,2,2
4200,0,lowpass,4,4
4201,1,highpass,4,4
4202,2,bandpass,8,8
4203,3,bandstop,8,8
4204,4,allpass,2,2
4205,0,lowpass,2,2
4206,1,highpass,8,8
4207,2,bandpass,6,6
4208,3,bandstop,2,2
4209,4,allpass,2,2
4210,0,lowpass,4,4
4211,1,highpass,6,6
4212,2,bandpass,6,6
4213,3,bandstop,8,8
4214,4,allpass,2,2
4215,0,lowpass,6,6
4216,1,highpass,6,6
4217,2,bandpass,6,6
4218,3,bandstop,4,4
4219,4,allpass,8,8
4220,0,lowpass,2,2
4221,1,highpass,4,4
4222,2,bandpass,2,2
4223,3,bandstop,6,6
4224,4,allpass,8,8
4225,0,lowpass,6,6
4226,1,highpass,2,2
4227,2,bandpass,8,8
4228,3,bandstop,4,4
4229,4,allpass,2,2
4230,0,lowpass,2,2
4231,1,highpass,2,2
4232,2,bandpass,8,8
4233,3,bandstop,4,4
4234,4,allpass,2,2
4235,0,lowpass,2,2
4236,1,highpass,4,4
4237,2,bandpass,2,2
4238,3,bandstop,6,6
4239,4,allpass,4,4
4240,0,lowpass,2,2
4241,1,highpass,2,2
4242,2,bandpass,6,6
4243,3,bandstop,6,6
4244,4,allpass,2,2
4245,0,lowpass,2,2
4246,1,highpass,2,2
4247,2,bandpass,4,4
4248,3,bandstop,8,8
4249,4,allpass,4,4
4250,0,lowpass,6,6
4251,1,highpass,2,2
4252,2,bandpass,2,2
4253,3,bandstop,4,4
4254,4,allpass,4,4
4255,0,lowpass,8,8
4256,1,highpass,4,4
4257,2,bandpass,8,8
4258,3,bandstop,8,8
4259,4,allpass,6,6
4260,0,lowpass,8,8
4261,1,highpass,8,8
4262,2,bandpass,8,8
4263,3,bandstop,8,8
4264,4,allpass,2,2
4265,0,lowpass,8,8
4266,1,highpass,6,6
4267,2,bandpass,6,6
4268,3,bandstop,2,2
4269,4,allpass,2,2
4270,0,lowpass,2,2
4271,1,highpass,4,4
4272,2,bandpass,2,2
4273,3,bandstop,2,2
4274,4,allpass,4,4
4275,0,lowpass,6,6
4276,1,highpass,6,6
4277,2,bandpass,8,8
4278,3,bandstop,6,6
4279,4,allpass,6,6
4280,0,lowpass,8,8
4281,1,highpass,6,6
4282,2,bandpass,4,4
4283,3,bandstop,4,4
4284,4,allpass,2,2
4285,0,lowpass,8,8
4286,1,highpass,8,8
4287,2,bandpass,6,6
4288,3,bandstop,2,2
4289,4,allpass,4,4
4290,0,lowpass,8,8
4291,1,highpass,6,6
4292,2,bandpass,6,6
4293,3,bandstop,2,2
4294,4,allpass,8,8
4295,0,lowpass,4,4
4296,1,highpass,4,4
4297,2,bandpass,8,8
4298,3,bandstop,6,6
4299,4,allpass,6,6
4300,0,lowpass,2,2
4301,1,highpass,6,6
4302,2,bandpass,2,2
4303,3,bandstop,8,8
4304,4,allpass,2,2
4305,0,lowpass,2,2
4306,1,highpass,4,4
4307,2,bandpass,2,2
4308,3,bandstop,8,8
4309,4,allpass,6,6
4310,0,lowpass,8,8
4311,1,highpass,8,8
4312,2,bandpass,4,4
4313,3,bandstop,4,4
4314,4,allpass,4,4
4315,0,lowpass,2,2
4316,1,highpass,2,2
4317,2,bandpass,6,6
4318,3,bandstop,8,8
4319,4,allpass,8,8
4320,0,lowpass,4,4
4321,1,highpass,4,4
4322,2,bandpass,2,2
4323,3,bandstop,8,8
4324,4,allpass,4,4
4325,0,lowpass,4,4
4326,1,highpass,6,6
4327,2,bandpass,6,6
4328,3,bandstop,8,8
4329,4,allpass,4,4
4330,0,lowpass,8,8
4331,1,highpass,6,6
4332,2,bandpass,6,6
4333,3,bandstop,8,8
4334,4,allpass,8,8
4335,0,lowpass,6,6
4336,1,highpass,6,6
4337,2,bandpass,4,4
4338,3,bandstop,6,6
4339,4,allpass,2,2
4340,0,lowpass,6,6
4341,1,highpass,4,4
4342,2,bandpass,4,4
4343,3,bandstop,6,6
4344,4,allpass,6,6
4345,0,lowpass,8,8
4346,1,highpass,6,6
4347,2,bandpass,6,6
4348,3,bandstop,6,6
4349,4,allpass,8,8
4350,0,lowpass,2,2
4351,1,highpass,8,8
4352,2,bandpass,6,6
4353,3,bandstop,2,2
4354,4,allpass,2,2
4355,0,lowpass,2,2
4356,1,highpass,4,4
4357,2,bandpass,6,6
4358,3,bandstop,4,4
4359,4,allpass,4,4
4360,0,lowpass,4,4
4361,1,highpass,4,4
4362,2,bandpass,8,8
4363,3,bandstop,6,6
4364,4,allpass,6,6
4365,0,lowpass,2,2
4366,1,highpass,4,4
4367,2,bandpass,8,8
4368,3,bandstop,8,8
4369,4,allpass,6,6
4370,0,lowpass,6,6
4371,1,highpass,6,6
4372,2,bandpass,8,8
4373,3,bandstop,4,4
4374,4,allpass,4,4
4375,0,lowpass,4,4
4376,1,highpass,8,8
4377,2,bandpass,8,8
4378,3,bandstop,6,6
4379,4,allpass,8,8
4380,0,lowpass,4,4
4381,1,highpass,2,2
4382,2,bandpass,8,8
4383,3,bandstop,6,6
4384,4,allpass,8,8
4385,0,lowpass,2,2
4386,1,highpass,2,2
4387,2,bandpass,2,2
4388,3,bandstop,4,4
4389,4,allpass,4,4
4390,0,lowpass,2,2
4391,1,highpass,4,4
4392,2,bandpass,8,8
4393,3,bandstop,2,2
4394,4,allpass,4,4
4395,0,lowpass,8,8
4396,1,highpass,8,8
4397,2,bandpass,4,4
4398,3,bandstop,8,8
4399,4,allpass,4,4
4400,0,lowpass,4,4
4401,1,highpass,4,4
4402,2,bandpass,8,8
4403,3,bandstop,8,8
4404,4,allpass,2,2
4405,0,lowpass,8,8
4406,1,highpass,8,8
4407,2,bandpass,4,4
4408,3,bandstop,4,4
4409,4,allpass,2,2
4410,0,lowpass,8,8
4411,1,highpass,6,6
4412,2,bandpass,4,4
4413,3,bandstop,6,6
4414,4,allpass,6,6
4415,0,lowpass,6,6
4416,1,highpass,8,8
4417,2,bandpass,4,4
4418,3,bandstop,6,6
4419,4,allpass,2,2
4420,0,lowpass,6,6
4421,1,highpass,2,2
4422,2,bandpass,6,6
4423,3,bandstop,2,2
4424,4,allpass,8,8
4425,0,lowpass,4,4
4426,1,highpass,4,4
4427,2,bandpass,4,4
4428,3,bandstop,6,6
4429,4,allpass,4,4
4430,0,lowpass,4,4
4431,1,highpass,4,4
4432,2,bandpass,2,2
4433,3,bandstop,6,6
4434,4,allpass,6,6
4435,0,lowpass,2,2
4436,1,highpass,4,4
4437,2,bandpass,2,2
4438,3,bandstop,4,4
4439,4,allpass,4,4
4440,0,lowpass,8,8
4441,1,highpass,6,6
4442,2,bandpass,2,2
4443,3,bandstop,8,8
4444,4,allpass,6,6
4445,0,lowpass,6,6
4446,1,highpass,6,6
4447,2,bandpass,6,6
4448,3,bandstop,2,2
4449,4,allpass,6,6
4450,0,lowpass,4,4
4451,1,highpass,8,8
4452,2,bandpass,4,4
4453,3,bandstop,8,8
4454,4,allpass,4,4
4455,0,lowpass,2,2
4456,1,highpass,6,6
4457,2,bandpass,8,8
4458,3,bandstop,6,6
4459,4,allpass,6,6
4460,0,lowpass,2,2
4461,1,highpass,2,2
4462,2,bandpass,2,2
4463,3,bandstop,4,4
4464,4,allpass,2,2
4465,0,lowpass,4,4
4466,1,highpass,4,4
4467,2,bandpass,6,6
4468,3,bandstop,2,2
4469,4,allpass,2,2
4470,0,lowpass,4,4
4471,1,highpass,2,2
4472,2,bandpass,2,2
4473,3,bandstop,6,6
4474,4,allpass,8,8
4475,0,lowpass,8,8
4476,1,highpass,6,6
4477,2,bandpass,2,2
4478,3,bandstop,6,6
4479,4,allpass,2,2
4480,0,lowpass,4,4
4481,1,highpass,2,2
4482,2,bandpass,6,6
4483,3,bandstop,2,2
4484,4,allpass,2,2
4485,0,lowpass,6,6
4486,1,highpass,2,2
4487,2,bandpass,4,4
4488,3,bandstop,6,6
4489,4,allpass,4,4
4490,0,lowpass,4,4
4491,1,highpass,4,4
4492,2,bandpass,4,4
4493,3,bandstop,8,8
4494,4,allpass,8,8
4495,0,lowpass,2,2
4496,1,highpass,2,2
4497,2,bandpass,6,6
4498,3,bandstop,8,8
4499,4,allpass,6,6
4500,0,lowpass,2,2
4501,1,highpass,4,4
4502,2,bandpass,6,6
4503,3,bandstop,6,6
4504,4,allpass,4,4
4505,0,lowpass,4,4
4506,1,highpass,8,8
4507,2,bandpass,4,4
4508,3,bandstop,4,4
4509,4,allpass,4,4
4510,0,lowpass,6,6
4511,1,highpass,4,4
4512,2,bandpass,2,2
4513,3,bandstop,8,8
4514,4,allpass,4,4
4515,0,lowpass,8,8
4516,1,highpass,8,8
4517,2,bandpass,2,2
4518,3,bandstop,4,4
4519,4,allpass,8,8
4520,0,lowpass,4,4
4521,1,highpass,6,6
4522,2,bandpass,8,8
4523,3,bandstop,2,2
4524,4,allpass,8,8
4525,0,lowpass,8,8
4526,1,highpass,6,6
4527,2,bandpass,4,4
4528,3,bandstop,8,8
4529,4,allpass,8,8
4530,0,lowpass,2,2
4531,1,highpass,2,2
4532,2,bandpass,8,8
4533,3,bandstop,8,8
4534,4,allpass,2,2
4535,0,lowpass,6,6
4536,1,highpass,8,8
4537,2,bandpass,4,4
4538,3,bandstop,6,6
4539,4,allpass,6,6
4540,0,lowpass,4,4
4541,1,highpass,6,6
4542,2,bandpass,4,4
4543,3,bandstop,2,2
4544,4,allpass,8,8
4545,0,lowpass,4,4
4546,1,highpass,8,8
4547,2,bandpass,6,6
4548,3,bandstop,2,2
4549,4,allpass,8,8
4550,0,lowpass,8,8
4551,1,highpass,2,2
4552,2,bandpass,2,2
4553,3,bandstop,2,2
4554,4,allpass,4,4
4555,0,lowpass,2,2
4556,1,highpass,2,2
4557,2,bandpass,4,4
4558,3,bandstop,8,8
4559,4,allpass,6,6
4560,0,lowpass,4,4
4561,1,highpass,6,6
4562,2,bandpass,8,8
4563,3,bandstop,4,4
4564,4,allpass,6,6
4565,0,lowpass,8,8
4566,1,highpass,2,2
4567,2,bandpass,2,2
4568,3,bandstop,8,8
4569,4,allpass,4,4
4570,0,lowpass,4,4
4571,1,highpass,6,6
4572,2,bandpass,6,6
4573,3,bandstop,6,6
4574,4,allpass,2,2
4575,0,lowpass,4,4
4576,1,highpass,8,8
4577,2,bandpass,2,2
4578,3,bandstop,8,8
4579,4,allpass,4,4
4580,0,lowpass,4,4
4581,1,highpass,8,8
4582,2,bandpass,6,6
4583,3,bandstop,4,4
4584,4,allpass,8,8
4585,0,lowpass,8,8
4586,1,highpass,2,2
4587,2,bandpass,4,4
4588,3,bandstop,4,4
4589,4,allpass,2,2
4590,0,lowpass,8,8
4591,1,highpass,8,8
4592,2,bandpass,8,8
4593,3,bandstop,2,2
4594,4,allpass,6,6
4595,0,lowpass,4,4
4596,1,highpass,2,2
4597,2,bandpass,2,2
4598,3,bandstop,4,4
4599,4,allpass,6,6
4600,0,lowpass,8,8
4601,1,highpass,2,2
4602,2,bandpass,4,4
4603,3,bandstop,8,8
4604,4,allpass,2,2
4605,0,lowpass,4,4
4606,1,highpass,4,4
4607,2,bandpass,6,6
4608,3,bandstop,2,2
4609,4,allpass,4,4
4610,0,lowpass,4,4
4611,1,highpass,8,8
4612,2,bandpass,6,6
4613,3,bandstop,2,2
4614,4,allpass,2,2
4615,0,lowpass,2,2
4616,1,highpass,2,2
4617,2,bandpass,4,4
4618,3,bandstop,2,2
4619,4,allpass,8,8
4620,0,lowpass,6,6
4621,1,highpass,8,8
4622,2,bandpass,4,4
4623,3,bandstop,6,6
4624,4,allpass,6,6
4625,0,lowpass,6,6
4626,1,highpass,2,2
4627,2,bandpass,6,6
4628,3,bandstop,4,4
4629,4,allpass,8,8
4630,0,lowpass,8,8
4631,1,highpass,6,6
4632,2,bandpass,4,4
4633,3,bandstop,2,2
4634,4,allpass,4,4
4635,0,lowpass,8,8
4636,1,highpass,4,4
4637,2,bandpass,4,4
4638,3,bandstop,8,8
4639,4,allpass,8,8
4640,0,lowpass,6,6
4641,1,highpass,8,8
4642,2,bandpass,2,2
4643,3,bandstop,8,8
4644,4,allpass,2,2
4645,0,lowpass,8,8
4646,1,highpass,6,6
4647,2,bandpass,8,8
4648,3,bandstop,4,4
4649,4,allpass,2,2
4650,0,lowpass,6,6
4651,1,highpass,6,6
4652,2,bandpass,4,4
4653,3,bandstop,4,4
4654,4,allpass,4,4
4655,0,lowpass,4,4
4656,1,highpass,2,2
4657,2,bandpass,2,2
4658,3,bandstop,8,8
4659,4,allpass,4,4
4660,0,lowpass,8,8
4661,1,highpass,8,8
4662,2,bandpass,4,4
4663,3,bandstop,6,6
4664,4,allpass,2,2
4665,0,lowpass,8,8
4666,1,highpass,2,2
4667,2,bandpass,6,6
4668,3,bandstop,2,2
4669,4,allpass,4,4
4670,0,lowpass,6,6
4671,1,highpass,4,4
4672,2,bandpass,2,2
4673,3,bandstop,4,4
4674,4,allpass,2,2
4675,0,lowpass,2,2
4676,1,highpass,2,2
4677,2,bandpass,4,4
4678,3,bandstop,2,2
4679,4,allpass,8,8
4680,0,lowpass,2,2
4681,1,highpass,6,6
4682,2,bandpass,6,6
4683,3,bandstop,2,2
4684,4,allpass,2,2
4685,0,lowpass,8,8
4686,1,highpass,6,6
4687,2,bandpass,2,2
4688,3,bandstop,4,4
4689,4,allpass,2,2
4690,0,lowpass,2,2
4691,1,highpass,4,4
4692,2,bandpass,6,6
4693,3,bandstop,6,6
4694,4,allpass,6,6
4695,0,lowpass,2,2
4696,1,highpass,2,2
4697,2,bandpass,8,8
4698,3,bandstop,8,8
4699,4,allpass,6,6
4700,0,lowpass,6,6
4701,1,highpass,6,6
4702,2,bandpass,8,8
4703,3,bandstop,2,2
4704,4,allpass,4,4
4705,0,lowpass,2,2
4706,1,highpass,8,8
4707,2,bandpass,6,6
4708,3,bandstop,2,2
4709,4,allpass,2,2
4710,0,lowpass,6,6
4711,1,highpass,4,4
4712,2,bandpass,4,4
4713,3,bandstop,6,6
4714,4,allpass,2,2
4715,0,lowpass,8,8
4716,1,highpass,2,2
4717,2,bandpass,4,4
4718,3,bandstop,2,2
4719,4,allpass,8,8
4720,0,lowpass,2,2
4721,1,highpass,2,2
4722,2,bandpass,6,6
4723,3,bandstop,8,8
4724,4,allpass,8,8
4725,0,lowpass,4,4
4726,1,highpass,2,2
4727,2,bandpass,4,4
4728,3,bandstop,6,6
4729,4,allpass,6,6
4730,0,lowpass,4,4
4731,1,highpass,4,4
4732,2,bandpass,8,8
4733,3,bandstop,2,2
4734,4,allpass,4,4
4735,0,lowpass,4,4
4736,1,highpass,2,2
4737,2,bandpass,4,4
4738,3,bandstop,2,2
4739,4,allpass,2,2
4740,0,lowpass,2,2
4741,1,highpass,4,4
4742,2,bandpass,6,6
4743,3,bandstop,6,6
4744,4,allpass,4,4
4745,0,lowpass,4,4
4746,1,highpass,8,8
4747,2,bandpass,8,8
4748,3,bandstop,6,6
4749,4,allpass,4,4
4750,0,lowpass,8,8
4751,1,highpass,6,6
4752,2,bandpass,2,2
4753,3,bandstop,8,8
4754,4,allpass,4,4
4755,0,lowpass,6,6
4756,1,highpass,4,4
4757,2,bandpass,8,8
4758,3,bandstop,6,6
4759,4,allpass,6,6
4760,0,lowpass,4,4
4761,1,highpass,4,4
4762,2,bandpass,6,6
4763,3,bandstop,8,8
4764,4,allpass,8,8
4765,0,lowpass,2,2
4766,1,highpass,2,2
4767,2,bandpass,4,4
4768,3,bandstop,6,6
4769,4,allpass,6,6
4770,0,lowpass,8,8
4771,1,highpass,4,4
4772,2,bandpass,2,2
4773,3,bandstop,2,2
4774,4,allpass,4,4
4775,0,lowpass,6,6
4776,1,highpass,2,2
4777,2,bandpass,8,8
4778,3,bandstop,8,8
4779,4,allpass,6,6
4780,0,lowpass,8,8
4781,1,highpass,4,4
4782,2,bandpass,6,6
4783,3,bandstop,8,8
4784,4,allpass,4,4
4785,0,lowpass,6,6
4786,1,highpass,6,6
4787,2,bandpass,2,2
4788,3,bandstop,6,6
4789,4,allpass,6,6
4790,0,lowpass,8,8
4791,1,highpass,6,6
4792,2,bandpass,8,8
4793,3,bandstop,2,2
4794,4,allpass,4,4
4795,0,lowpass,6,6
4796,1,highpass,4,4
4797,2,bandpass,4,4
4798,3,bandstop,8,8
4799,4,allpass,4,4
4800,0,lowpass,2,2
4801,1,highpass,8,8
4802,2,bandpass,4,4
4803,3,bandstop,8,8
4804,4,allpass,2,2
4805,0,lowpass,8,8
4806,1,highpass,6,6
4807,2,bandpass,6,6
4808,3,bandstop,2,2
4809,4,allpass,8,8
4810,0,lowpass,8,8
4811,1,highpass,8,8
4812,2,bandpass,4,4
4813,3,bandstop,2,2
4814,4,allpass,2,2
4815,0,lowpass,8,8
4816,1,highpass,8,8
4817,2,bandpass,2,2
4818,3,bandstop,8,8
4819,4,allpass,2,2
4820,0,lowpass,2,2
4821,1,highpass,4,4
4822,2,bandpass,2,2
4823,3,bandstop,6,6
4824,4,allpass,2,2
4825,0,lowpass,4,4
4826,1,highpass,8,8
4827,2,bandpass,4,4
4828,3,bandstop,4,4
4829,4,allpass,4,4
4830,0,lowpass,2,2
4831,1,highpass,4,4
4832,2,bandpass,2,2
4833,3,bandstop,6,6
4834,4,allpass,4,4
4835,0,lowpass,2,2
4836,1,highpass,4,4
4837,2,bandpass,6,6
4838,3,bandstop,6,6
4839,4,allpass,4,4
4840,0,lowpass,4,4
4841,1,highpass,2,2
4842,2,bandpass,4,4
4843,3,bandstop,8,8
4844,4,allpass,4,4
4845,0,lowpass,4,4
4846,1,highpass,4,4
4847,2,bandpass,8,8
4848,3,bandstop,4,4
4849,4,allpass,2,2
4850,0,lowpass,8,8
4851,1,highpass,2,2
4852,2,bandpass,8,8
4853,3,bandstop,2,2
4854,4,allpass,8,8
4855,0,lowpass,2,2
4856,1,highpass,8,8
4857,2,bandpass,4,4
4858,3,bandstop,4,4
4859,4,allpass,8,8
4860,0,lowpass,2,2
4861,1,highpass,8,8
4862,2,bandpass,4,4
4863,3,bandstop,6,6
4864,4,allpass,8,8
4865,0,lowpass,8,8
4866,1,highpass,8,8
4867,2,bandpass,4,4
4868,3,bandstop,2,2
4869,4,allpass,2,2
4870,0,lowpass,2,2
4871,1,highpass,4,4
4872,2,bandpass,6,6
4873,3,bandstop,6,6
4874,4,allpass,2,2
4875,0,lowpass,6,6
4876,1,highpass,6,6
4877,2,bandpass,8,8
4878,3,bandstop,6,6
4879,4,allpass,8,8
4880,0,lowpass,8,8
4881,1,highpass,2,2
4882,2,bandpass,6,6
4883,3,bandstop,8,8
4884,4,allpass,2,2
4885,0,lowpass,4,4
4886,1,highpass,2,2
4887,2,bandpass,2,2
4888,3,bandstop,8,8
4889,4,allpass,4,4
4890,0,lowpass,6,6
4891,1,highpass,2,2
4892,2,bandpass,2,2
4893,3,bandstop,6,6
4894,4,allpass,2,2
4895,0,lowpass,4,4
4896,1,highpass,8,8
4897,2,bandpass,2,2
4898,3,bandstop,2,2
4899,4,allpass,6,6
4900,0,lowpass,6,6
4901,1,highpass,4,4
4902,2,bandpass,2,2
4903,3,bandstop,6,6
4904,4,allpass,6,6
4905,0,lowpass,2,2
4906,1,highpass,6,6
4907,2,bandpass,4,4
4908,3,bandstop,8,8
4909,4,allpass,2,2
4910,0,lowpass,2,2
4911,1,highpass,8,8
4912,2,bandpass,4,4
4913,3,bandstop,6,6
4914,4,allpass,6,6
4915,0,lowpass,6,6
4916,1,highpass,2,2
4917,2,bandpass,8,8
4918,3,bandstop,2,2
4919,4,allpass,6,6
4920,0,lowpass,6,6
4921,1,highpass,2,2
4922,2,bandpass,6,6
4923,3,bandstop,8,8
4924,4,allpass,6,6
4925,0,lowpass,4,4
4926,1,highpass,2,2
4927,2,bandpass,8,8
4928,3,bandstop,2,2
4929,4,allpass,8,8
4930,0,lowpass,2,2
4931,1,highpass,6,6
4932,2,bandpass,8,8
4933,3,bandstop,8,8
4934,4,allpass,8,8
4935,0,lowpass,2,2
4936,1,highpass,2,2
4937,2,bandpass,4,4
4938,3,bandstop,2,2
4939,4,allpass,8,8
4940,0,lowpass,2,2
4941,1,highpass,4,4
4942,2,bandpass,6,6
4943,3,bandstop,8,8
4944,4,allpass,4,4
4945,0,lowpass,8,8
4946,1,highpass,4,4
4947,2,bandpass,4,4
4948,3,bandstop,4,4
4949,4,allpass,6,6
4950,0,lowpass,8,8
4951,1,highpass,6,6
4952,2,bandpass,6,6
4953,3,bandstop,8,8
4954,4,allpass,4,4
4955,0,lowpass,8,8
4956,1,highpass,4,4
4957,2,bandpass,8,8
4958,3,bandstop,4,4
4959,4,allpass,4,4
4960,0,lowpass,6,6
4961,1,highpass,4,4
4962,2,bandpass,4,4
4963,3,bandstop,4,4
4964,4,allpass,2,2
4965,0,lowpass,8,8
4966,1,highpass,8,8
4967,2,bandpass,4,4
4968,3,bandstop,6,6
4969,4,allpass,2,2
4970,0,lowpass,2,2
4971,1,highpass,6,6
4972,2,bandpass,8,8
4973,3,bandstop,8,8
4974,4,allpass,8,8
4975,0,lowpass,8,8
4976,1,highpass,8,8
4977,2,bandpass,4,4
4978,3,bandstop,6,6
4979,4,allpass,6,6
4980,0,lowpass,2,2
4981,1,highpass,6,6
4982,2,bandpass,2,2
4983,3,bandstop,4,4
4984,4,allpass,6,6
4985,0,lowpass,6,6
4986,1,highpass,8,8
4987,2,bandpass,8,8
4988,3,bandstop,8,8
4989,4,allpass,6,6
4990,0,lowpass,8,8
4991,1,highpass,4,4
4992,2,bandpass,4,4
4993,3,bandstop,8,8
4994,4,allpass,2,2
4995,0,lowpass,8,8
4996,1,highpass,6,6
4997,2,bandpass,8,8
4998,3,bandstop,2,2
4999,4,allpass,2,2
